view_id,user_id,page_version,view_timestamp
1,1,A,2025-07-12 00:00:00
2,1,A,2025-07-12 00:15:00
3,1,A,2025-07-12 00:30:00
4,2,A,2025-06-09 15:00:00
5,2,B,2025-06-09 15:15:00
6,2,A,2025-06-09 15:30:00
7,3,A,2025-06-02 23:00:00
8,3,B,2025-06-02 23:15:00
9,4,B,2025-07-18 18:00:00
10,4,A,2025-07-18 18:15:00
11,4,A,2025-07-18 18:30:00
12,5,A,2025-06-19 06:00:00
13,5,B,2025-06-19 06:15:00
14,6,B,2025-06-17 12:00:00
15,6,B,2025-06-17 12:15:00
16,6,B,2025-06-17 12:30:00
17,7,B,2025-06-16 08:00:00
18,7,A,2025-06-16 08:15:00
19,8,A,2025-06-10 14:00:00
20,9,B,2025-07-18 03:00:00
21,9,B,2025-07-18 03:15:00
22,10,A,2025-06-07 06:00:00
23,10,B,2025-06-07 06:15:00
24,10,A,2025-06-07 06:30:00
25,11,B,2025-07-14 17:00:00
26,12,B,2025-07-18 09:00:00
27,12,A,2025-07-18 09:15:00
28,12,A,2025-07-18 09:30:00
29,13,A,2025-07-28 22:00:00
30,13,B,2025-07-28 22:15:00
31,14,B,2025-07-06 01:00:00
32,15,A,2025-06-07 00:00:00
33,16,A,2025-07-08 14:00:00
34,16,B,2025-07-08 14:15:00
35,17,B,2025-06-29 21:00:00
36,18,A,2025-06-03 08:00:00
37,19,A,2025-06-03 06:00:00
38,19,B,2025-06-03 06:15:00
39,20,A,2025-06-07 15:00:00
40,20,A,2025-06-07 15:15:00
41,21,A,2025-06-14 16:00:00
42,22,B,2025-06-16 11:00:00
43,23,A,2025-07-03 18:00:00
44,24,A,2025-07-09 07:00:00
45,24,A,2025-07-09 07:15:00
46,25,B,2025-06-03 16:00:00
47,25,A,2025-06-03 16:15:00
48,26,A,2025-07-07 07:00:00
49,27,A,2025-06-14 08:00:00
50,27,A,2025-06-14 08:15:00
51,27,B,2025-06-14 08:30:00
52,28,B,2025-07-16 00:00:00
53,28,A,2025-07-16 00:15:00
54,29,A,2025-07-13 02:00:00
55,29,A,2025-07-13 02:15:00
56,29,B,2025-07-13 02:30:00
57,30,A,2025-07-16 09:00:00
58,31,A,2025-07-06 06:00:00
59,31,B,2025-07-06 06:15:00
60,32,A,2025-06-27 16:00:00
61,32,B,2025-06-27 16:15:00
62,33,A,2025-06-15 22:00:00
63,34,A,2025-06-30 18:00:00
64,34,B,2025-06-30 18:15:00
65,34,A,2025-06-30 18:30:00
66,35,B,2025-07-08 22:00:00
67,36,B,2025-06-18 11:00:00
68,36,B,2025-06-18 11:15:00
69,36,A,2025-06-18 11:30:00
70,37,B,2025-07-22 04:00:00
71,38,A,2025-07-26 18:00:00
72,39,A,2025-06-01 12:00:00
73,40,B,2025-07-19 19:00:00
74,40,B,2025-07-19 19:15:00
75,41,A,2025-07-22 02:00:00
76,41,B,2025-07-22 02:15:00
77,42,B,2025-06-11 03:00:00
78,42,B,2025-06-11 03:15:00
79,43,B,2025-07-15 23:00:00
80,44,B,2025-06-29 23:00:00
81,44,B,2025-06-29 23:15:00
82,45,B,2025-06-22 11:00:00
83,45,B,2025-06-22 11:15:00
84,46,B,2025-06-19 09:00:00
85,46,A,2025-06-19 09:15:00
86,47,A,2025-06-11 03:00:00
87,47,B,2025-06-11 03:15:00
88,47,A,2025-06-11 03:30:00
89,48,B,2025-06-14 18:00:00
90,48,A,2025-06-14 18:15:00
91,48,A,2025-06-14 18:30:00
92,49,B,2025-07-20 18:00:00
93,49,B,2025-07-20 18:15:00
94,50,B,2025-06-23 14:00:00
95,50,A,2025-06-23 14:15:00
96,51,B,2025-06-08 04:00:00
97,51,B,2025-06-08 04:15:00
98,51,A,2025-06-08 04:30:00
99,52,B,2025-06-06 22:00:00
100,52,B,2025-06-06 22:15:00
101,52,A,2025-06-06 22:30:00
102,53,B,2025-06-26 18:00:00
103,54,A,2025-06-08 08:00:00
104,54,A,2025-06-08 08:15:00
105,55,B,2025-06-24 14:00:00
106,56,A,2025-07-25 08:00:00
107,57,B,2025-06-24 17:00:00
108,58,A,2025-07-10 00:00:00
109,58,A,2025-07-10 00:15:00
110,59,B,2025-06-18 04:00:00
111,59,B,2025-06-18 04:15:00
112,59,B,2025-06-18 04:30:00
113,60,A,2025-07-23 12:00:00
114,61,B,2025-06-03 23:00:00
115,61,B,2025-06-03 23:15:00
116,61,B,2025-06-03 23:30:00
117,62,A,2025-07-17 07:00:00
118,63,B,2025-06-30 11:00:00
119,63,B,2025-06-30 11:15:00
120,63,A,2025-06-30 11:30:00
121,64,B,2025-07-05 16:00:00
122,64,A,2025-07-05 16:15:00
123,65,B,2025-06-08 18:00:00
124,65,A,2025-06-08 18:15:00
125,65,A,2025-06-08 18:30:00
126,66,B,2025-07-30 04:00:00
127,67,B,2025-06-26 21:00:00
128,68,B,2025-06-07 19:00:00
129,69,A,2025-07-06 22:00:00
130,69,B,2025-07-06 22:15:00
131,69,B,2025-07-06 22:30:00
132,70,A,2025-06-20 21:00:00
133,71,A,2025-07-25 08:00:00
134,71,A,2025-07-25 08:15:00
135,72,A,2025-07-11 08:00:00
136,73,B,2025-07-10 01:00:00
137,73,B,2025-07-10 01:15:00
138,74,A,2025-07-28 11:00:00
139,74,A,2025-07-28 11:15:00
140,75,B,2025-07-26 19:00:00
141,76,B,2025-06-25 22:00:00
142,76,B,2025-06-25 22:15:00
143,76,B,2025-06-25 22:30:00
144,77,A,2025-07-07 04:00:00
145,77,B,2025-07-07 04:15:00
146,77,A,2025-07-07 04:30:00
147,78,B,2025-06-14 05:00:00
148,78,A,2025-06-14 05:15:00
149,79,A,2025-07-17 16:00:00
150,79,A,2025-07-17 16:15:00
151,79,B,2025-07-17 16:30:00
152,80,A,2025-06-05 03:00:00
153,80,A,2025-06-05 03:15:00
154,80,B,2025-06-05 03:30:00
155,81,B,2025-06-03 10:00:00
156,82,B,2025-07-13 14:00:00
157,82,B,2025-07-13 14:15:00
158,82,A,2025-07-13 14:30:00
159,83,B,2025-06-15 12:00:00
160,83,A,2025-06-15 12:15:00
161,84,A,2025-07-20 19:00:00
162,84,A,2025-07-20 19:15:00
163,84,A,2025-07-20 19:30:00
164,85,B,2025-06-20 18:00:00
165,86,A,2025-06-06 02:00:00
166,86,A,2025-06-06 02:15:00
167,86,A,2025-06-06 02:30:00
168,87,B,2025-07-26 12:00:00
169,87,A,2025-07-26 12:15:00
170,87,B,2025-07-26 12:30:00
171,88,A,2025-06-16 16:00:00
172,88,B,2025-06-16 16:15:00
173,88,B,2025-06-16 16:30:00
174,89,B,2025-07-26 19:00:00
175,89,A,2025-07-26 19:15:00
176,89,B,2025-07-26 19:30:00
177,90,A,2025-06-08 05:00:00
178,90,A,2025-06-08 05:15:00
179,91,B,2025-06-26 04:00:00
180,92,A,2025-06-19 05:00:00
181,92,B,2025-06-19 05:15:00
182,93,B,2025-06-30 09:00:00
183,93,B,2025-06-30 09:15:00
184,93,B,2025-06-30 09:30:00
185,94,B,2025-07-11 08:00:00
186,94,A,2025-07-11 08:15:00
187,95,B,2025-07-24 15:00:00
188,95,A,2025-07-24 15:15:00
189,96,A,2025-06-25 04:00:00
190,96,A,2025-06-25 04:15:00
191,97,B,2025-06-11 03:00:00
192,98,B,2025-06-25 15:00:00
193,98,A,2025-06-25 15:15:00
194,99,B,2025-06-23 20:00:00
195,100,A,2025-06-16 00:00:00
196,101,B,2025-07-14 08:00:00
197,101,B,2025-07-14 08:15:00
198,102,A,2025-06-19 07:00:00
199,102,A,2025-06-19 07:15:00
200,103,B,2025-07-16 08:00:00
201,103,A,2025-07-16 08:15:00
202,104,B,2025-07-31 13:00:00
203,105,B,2025-07-14 03:00:00
204,106,B,2025-07-13 14:00:00
205,106,B,2025-07-13 14:15:00
206,107,A,2025-06-05 00:00:00
207,107,B,2025-06-05 00:15:00
208,107,A,2025-06-05 00:30:00
209,108,B,2025-07-10 22:00:00
210,108,B,2025-07-10 22:15:00
211,109,B,2025-07-11 02:00:00
212,109,A,2025-07-11 02:15:00
213,110,A,2025-06-12 11:00:00
214,110,B,2025-06-12 11:15:00
215,110,B,2025-06-12 11:30:00
216,111,B,2025-07-06 00:00:00
217,112,A,2025-07-17 17:00:00
218,112,A,2025-07-17 17:15:00
219,112,A,2025-07-17 17:30:00
220,113,B,2025-06-16 23:00:00
221,113,B,2025-06-16 23:15:00
222,114,B,2025-06-11 12:00:00
223,115,A,2025-06-30 02:00:00
224,115,A,2025-06-30 02:15:00
225,115,A,2025-06-30 02:30:00
226,116,B,2025-06-25 21:00:00
227,116,B,2025-06-25 21:15:00
228,116,A,2025-06-25 21:30:00
229,117,A,2025-06-19 08:00:00
230,117,B,2025-06-19 08:15:00
231,117,B,2025-06-19 08:30:00
232,118,B,2025-07-31 01:00:00
233,119,B,2025-07-11 21:00:00
234,119,B,2025-07-11 21:15:00
235,119,B,2025-07-11 21:30:00
236,120,B,2025-07-15 23:00:00
237,121,B,2025-07-06 07:00:00
238,121,B,2025-07-06 07:15:00
239,121,A,2025-07-06 07:30:00
240,122,B,2025-06-16 06:00:00
241,122,A,2025-06-16 06:15:00
242,122,A,2025-06-16 06:30:00
243,123,A,2025-07-15 06:00:00
244,123,B,2025-07-15 06:15:00
245,123,A,2025-07-15 06:30:00
246,124,A,2025-06-21 15:00:00
247,124,A,2025-06-21 15:15:00
248,124,A,2025-06-21 15:30:00
249,125,B,2025-07-25 04:00:00
250,126,B,2025-07-20 09:00:00
251,126,A,2025-07-20 09:15:00
252,127,B,2025-07-21 08:00:00
253,127,A,2025-07-21 08:15:00
254,128,A,2025-06-04 08:00:00
255,128,B,2025-06-04 08:15:00
256,128,B,2025-06-04 08:30:00
257,129,B,2025-06-16 00:00:00
258,129,A,2025-06-16 00:15:00
259,129,B,2025-06-16 00:30:00
260,130,B,2025-07-23 21:00:00
261,130,B,2025-07-23 21:15:00
262,130,B,2025-07-23 21:30:00
263,131,B,2025-06-03 15:00:00
264,132,A,2025-07-22 19:00:00
265,132,B,2025-07-22 19:15:00
266,132,B,2025-07-22 19:30:00
267,133,B,2025-06-21 13:00:00
268,133,B,2025-06-21 13:15:00
269,133,B,2025-06-21 13:30:00
270,134,B,2025-06-27 11:00:00
271,134,B,2025-06-27 11:15:00
272,135,B,2025-06-19 12:00:00
273,136,A,2025-06-05 22:00:00
274,136,B,2025-06-05 22:15:00
275,137,A,2025-06-14 18:00:00
276,138,B,2025-07-30 04:00:00
277,138,B,2025-07-30 04:15:00
278,139,B,2025-07-31 12:00:00
279,140,B,2025-07-08 20:00:00
280,140,A,2025-07-08 20:15:00
281,140,A,2025-07-08 20:30:00
282,141,A,2025-07-28 23:00:00
283,141,A,2025-07-28 23:15:00
284,141,A,2025-07-28 23:30:00
285,142,A,2025-07-17 09:00:00
286,142,A,2025-07-17 09:15:00
287,142,A,2025-07-17 09:30:00
288,143,B,2025-06-22 02:00:00
289,144,A,2025-06-15 06:00:00
290,144,A,2025-06-15 06:15:00
291,144,A,2025-06-15 06:30:00
292,145,B,2025-07-12 10:00:00
293,145,B,2025-07-12 10:15:00
294,145,B,2025-07-12 10:30:00
295,146,B,2025-07-02 12:00:00
296,146,B,2025-07-02 12:15:00
297,146,B,2025-07-02 12:30:00
298,147,A,2025-06-26 03:00:00
299,147,A,2025-06-26 03:15:00
300,147,A,2025-06-26 03:30:00
301,148,A,2025-07-28 02:00:00
302,149,B,2025-07-30 01:00:00
303,150,B,2025-07-13 23:00:00
304,151,B,2025-06-30 00:00:00
305,152,A,2025-06-11 14:00:00
306,152,B,2025-06-11 14:15:00
307,152,B,2025-06-11 14:30:00
308,153,B,2025-06-18 17:00:00
309,153,A,2025-06-18 17:15:00
310,154,B,2025-06-10 05:00:00
311,154,A,2025-06-10 05:15:00
312,154,A,2025-06-10 05:30:00
313,155,B,2025-06-16 10:00:00
314,155,B,2025-06-16 10:15:00
315,156,A,2025-07-18 11:00:00
316,156,B,2025-07-18 11:15:00
317,156,B,2025-07-18 11:30:00
318,157,A,2025-07-07 19:00:00
319,157,A,2025-07-07 19:15:00
320,157,B,2025-07-07 19:30:00
321,158,B,2025-07-06 08:00:00
322,158,A,2025-07-06 08:15:00
323,159,A,2025-06-18 18:00:00
324,159,A,2025-06-18 18:15:00
325,160,B,2025-07-19 06:00:00
326,161,B,2025-07-08 00:00:00
327,162,B,2025-06-28 15:00:00
328,162,B,2025-06-28 15:15:00
329,163,A,2025-07-28 19:00:00
330,163,B,2025-07-28 19:15:00
331,164,A,2025-07-08 23:00:00
332,164,A,2025-07-08 23:15:00
333,164,A,2025-07-08 23:30:00
334,165,A,2025-06-26 19:00:00
335,165,B,2025-06-26 19:15:00
336,166,B,2025-06-25 08:00:00
337,166,A,2025-06-25 08:15:00
338,166,B,2025-06-25 08:30:00
339,167,A,2025-06-16 15:00:00
340,167,A,2025-06-16 15:15:00
341,168,A,2025-06-10 06:00:00
342,169,B,2025-07-04 23:00:00
343,169,B,2025-07-04 23:15:00
344,170,B,2025-07-03 11:00:00
345,170,A,2025-07-03 11:15:00
346,170,A,2025-07-03 11:30:00
347,171,A,2025-06-08 00:00:00
348,171,B,2025-06-08 00:15:00
349,171,B,2025-06-08 00:30:00
350,172,A,2025-07-20 12:00:00
351,173,A,2025-06-05 11:00:00
352,174,A,2025-07-27 10:00:00
353,174,A,2025-07-27 10:15:00
354,174,B,2025-07-27 10:30:00
355,175,A,2025-06-09 04:00:00
356,175,A,2025-06-09 04:15:00
357,175,B,2025-06-09 04:30:00
358,176,B,2025-06-11 08:00:00
359,177,A,2025-07-12 05:00:00
360,178,B,2025-06-12 02:00:00
361,178,A,2025-06-12 02:15:00
362,178,B,2025-06-12 02:30:00
363,179,A,2025-07-21 19:00:00
364,179,B,2025-07-21 19:15:00
365,179,B,2025-07-21 19:30:00
366,180,A,2025-07-15 23:00:00
367,181,A,2025-06-28 04:00:00
368,181,B,2025-06-28 04:15:00
369,181,B,2025-06-28 04:30:00
370,182,A,2025-07-09 04:00:00
371,182,A,2025-07-09 04:15:00
372,182,B,2025-07-09 04:30:00
373,183,B,2025-06-05 18:00:00
374,184,B,2025-06-25 08:00:00
375,185,B,2025-06-26 00:00:00
376,185,B,2025-06-26 00:15:00
377,186,A,2025-07-09 05:00:00
378,186,B,2025-07-09 05:15:00
379,187,B,2025-06-30 11:00:00
380,188,A,2025-07-04 08:00:00
381,188,A,2025-07-04 08:15:00
382,188,A,2025-07-04 08:30:00
383,189,B,2025-06-18 05:00:00
384,189,B,2025-06-18 05:15:00
385,190,B,2025-07-06 15:00:00
386,191,B,2025-07-26 09:00:00
387,191,A,2025-07-26 09:15:00
388,192,A,2025-08-02 00:00:00
389,192,A,2025-08-02 00:15:00
390,192,B,2025-08-02 00:30:00
391,193,A,2025-06-01 01:00:00
392,193,A,2025-06-01 01:15:00
393,193,A,2025-06-01 01:30:00
394,194,A,2025-07-15 14:00:00
395,195,A,2025-07-18 14:00:00
396,195,A,2025-07-18 14:15:00
397,196,B,2025-06-08 02:00:00
398,196,B,2025-06-08 02:15:00
399,196,A,2025-06-08 02:30:00
400,197,A,2025-07-14 13:00:00
401,197,A,2025-07-14 13:15:00
402,197,B,2025-07-14 13:30:00
403,198,B,2025-07-28 22:00:00
404,199,B,2025-07-06 14:00:00
405,199,A,2025-07-06 14:15:00
406,199,B,2025-07-06 14:30:00
407,200,A,2025-07-20 18:00:00
408,201,B,2025-06-18 19:00:00
409,201,A,2025-06-18 19:15:00
410,202,A,2025-07-21 13:00:00
411,202,B,2025-07-21 13:15:00
412,202,B,2025-07-21 13:30:00
413,203,B,2025-07-12 22:00:00
414,204,B,2025-06-22 20:00:00
415,204,B,2025-06-22 20:15:00
416,204,A,2025-06-22 20:30:00
417,205,A,2025-06-09 00:00:00
418,205,B,2025-06-09 00:15:00
419,206,B,2025-06-19 14:00:00
420,207,B,2025-06-28 09:00:00
421,207,A,2025-06-28 09:15:00
422,207,B,2025-06-28 09:30:00
423,208,A,2025-06-12 11:00:00
424,208,B,2025-06-12 11:15:00
425,209,A,2025-06-30 16:00:00
426,210,A,2025-06-02 17:00:00
427,210,B,2025-06-02 17:15:00
428,211,A,2025-07-17 05:00:00
429,211,A,2025-07-17 05:15:00
430,212,A,2025-07-28 00:00:00
431,212,A,2025-07-28 00:15:00
432,213,A,2025-07-19 00:00:00
433,214,B,2025-06-17 13:00:00
434,214,B,2025-06-17 13:15:00
435,215,A,2025-07-03 13:00:00
436,216,B,2025-07-19 07:00:00
437,216,A,2025-07-19 07:15:00
438,216,A,2025-07-19 07:30:00
439,217,B,2025-06-12 15:00:00
440,217,B,2025-06-12 15:15:00
441,218,B,2025-07-04 05:00:00
442,218,B,2025-07-04 05:15:00
443,219,B,2025-07-29 23:00:00
444,219,B,2025-07-29 23:15:00
445,220,B,2025-06-08 22:00:00
446,221,B,2025-07-26 13:00:00
447,221,B,2025-07-26 13:15:00
448,222,A,2025-07-11 02:00:00
449,222,A,2025-07-11 02:15:00
450,223,B,2025-06-20 16:00:00
451,224,A,2025-07-24 09:00:00
452,224,B,2025-07-24 09:15:00
453,225,A,2025-07-12 00:00:00
454,226,B,2025-07-04 11:00:00
455,226,B,2025-07-04 11:15:00
456,227,B,2025-07-10 22:00:00
457,227,B,2025-07-10 22:15:00
458,228,B,2025-06-14 22:00:00
459,229,B,2025-06-10 08:00:00
460,230,A,2025-06-25 10:00:00
461,231,A,2025-07-19 02:00:00
462,231,A,2025-07-19 02:15:00
463,231,A,2025-07-19 02:30:00
464,232,A,2025-06-11 08:00:00
465,232,A,2025-06-11 08:15:00
466,233,A,2025-07-05 09:00:00
467,233,A,2025-07-05 09:15:00
468,233,B,2025-07-05 09:30:00
469,234,B,2025-07-20 03:00:00
470,234,B,2025-07-20 03:15:00
471,235,B,2025-07-30 00:00:00
472,236,B,2025-07-04 01:00:00
473,237,A,2025-07-29 18:00:00
474,237,B,2025-07-29 18:15:00
475,237,A,2025-07-29 18:30:00
476,238,A,2025-06-01 06:00:00
477,239,B,2025-07-09 12:00:00
478,240,B,2025-06-21 17:00:00
479,240,A,2025-06-21 17:15:00
480,241,B,2025-07-03 01:00:00
481,241,A,2025-07-03 01:15:00
482,242,B,2025-06-02 14:00:00
483,242,A,2025-06-02 14:15:00
484,242,A,2025-06-02 14:30:00
485,243,B,2025-06-09 01:00:00
486,244,B,2025-07-31 11:00:00
487,244,A,2025-07-31 11:15:00
488,245,A,2025-06-24 00:00:00
489,245,A,2025-06-24 00:15:00
490,245,B,2025-06-24 00:30:00
491,246,B,2025-07-28 17:00:00
492,246,A,2025-07-28 17:15:00
493,247,A,2025-07-24 02:00:00
494,247,A,2025-07-24 02:15:00
495,247,B,2025-07-24 02:30:00
496,248,A,2025-07-22 02:00:00
497,248,B,2025-07-22 02:15:00
498,249,A,2025-06-21 12:00:00
499,249,A,2025-06-21 12:15:00
500,249,B,2025-06-21 12:30:00
501,250,A,2025-06-16 13:00:00
502,251,A,2025-06-05 01:00:00
503,251,B,2025-06-05 01:15:00
504,251,A,2025-06-05 01:30:00
505,252,B,2025-06-16 15:00:00
506,252,B,2025-06-16 15:15:00
507,252,B,2025-06-16 15:30:00
508,253,A,2025-07-27 08:00:00
509,253,B,2025-07-27 08:15:00
510,253,A,2025-07-27 08:30:00
511,254,A,2025-07-08 03:00:00
512,255,B,2025-07-31 21:00:00
513,256,B,2025-06-06 01:00:00
514,256,B,2025-06-06 01:15:00
515,257,B,2025-06-06 14:00:00
516,257,B,2025-06-06 14:15:00
517,258,B,2025-07-17 11:00:00
518,258,A,2025-07-17 11:15:00
519,259,A,2025-07-02 18:00:00
520,259,A,2025-07-02 18:15:00
521,259,A,2025-07-02 18:30:00
522,260,B,2025-07-23 09:00:00
523,260,A,2025-07-23 09:15:00
524,261,B,2025-06-06 00:00:00
525,261,B,2025-06-06 00:15:00
526,261,A,2025-06-06 00:30:00
527,262,B,2025-07-19 00:00:00
528,263,B,2025-07-05 23:00:00
529,263,A,2025-07-05 23:15:00
530,264,A,2025-07-20 05:00:00
531,265,B,2025-06-10 04:00:00
532,265,A,2025-06-10 04:15:00
533,266,B,2025-06-09 05:00:00
534,267,B,2025-07-13 05:00:00
535,267,B,2025-07-13 05:15:00
536,267,A,2025-07-13 05:30:00
537,268,B,2025-07-02 02:00:00
538,268,A,2025-07-02 02:15:00
539,269,A,2025-08-01 11:00:00
540,269,A,2025-08-01 11:15:00
541,269,B,2025-08-01 11:30:00
542,270,B,2025-07-06 08:00:00
543,271,B,2025-06-11 17:00:00
544,271,A,2025-06-11 17:15:00
545,272,B,2025-06-17 10:00:00
546,273,B,2025-07-05 02:00:00
547,273,B,2025-07-05 02:15:00
548,274,B,2025-07-26 23:00:00
549,275,B,2025-07-10 22:00:00
550,276,A,2025-06-29 15:00:00
551,276,B,2025-06-29 15:15:00
552,276,A,2025-06-29 15:30:00
553,277,A,2025-06-14 19:00:00
554,278,B,2025-07-30 21:00:00
555,278,B,2025-07-30 21:15:00
556,279,B,2025-07-05 21:00:00
557,279,A,2025-07-05 21:15:00
558,280,A,2025-07-19 20:00:00
559,280,B,2025-07-19 20:15:00
560,281,B,2025-07-17 11:00:00
561,281,B,2025-07-17 11:15:00
562,282,B,2025-07-16 23:00:00
563,282,A,2025-07-16 23:15:00
564,283,B,2025-06-14 00:00:00
565,283,B,2025-06-14 00:15:00
566,284,A,2025-07-16 07:00:00
567,284,A,2025-07-16 07:15:00
568,285,A,2025-06-21 11:00:00
569,285,B,2025-06-21 11:15:00
570,285,A,2025-06-21 11:30:00
571,286,A,2025-06-26 18:00:00
572,286,B,2025-06-26 18:15:00
573,287,A,2025-07-14 07:00:00
574,287,B,2025-07-14 07:15:00
575,287,A,2025-07-14 07:30:00
576,288,A,2025-07-13 18:00:00
577,288,B,2025-07-13 18:15:00
578,289,B,2025-06-24 04:00:00
579,289,B,2025-06-24 04:15:00
580,290,B,2025-06-30 01:00:00
581,290,A,2025-06-30 01:15:00
582,290,B,2025-06-30 01:30:00
583,291,A,2025-07-29 10:00:00
584,291,A,2025-07-29 10:15:00
585,291,A,2025-07-29 10:30:00
586,292,B,2025-07-05 18:00:00
587,292,A,2025-07-05 18:15:00
588,292,A,2025-07-05 18:30:00
589,293,B,2025-06-30 17:00:00
590,293,B,2025-06-30 17:15:00
591,293,B,2025-06-30 17:30:00
592,294,A,2025-06-08 00:00:00
593,295,A,2025-06-16 14:00:00
594,295,B,2025-06-16 14:15:00
595,296,B,2025-06-16 01:00:00
596,296,A,2025-06-16 01:15:00
597,297,B,2025-06-05 01:00:00
598,297,A,2025-06-05 01:15:00
599,298,A,2025-06-23 02:00:00
600,298,A,2025-06-23 02:15:00
601,299,B,2025-06-02 09:00:00
602,299,B,2025-06-02 09:15:00
603,299,B,2025-06-02 09:30:00
604,300,B,2025-07-08 13:00:00
605,300,B,2025-07-08 13:15:00
606,301,B,2025-07-06 06:00:00
607,301,B,2025-07-06 06:15:00
608,302,B,2025-06-15 04:00:00
609,302,A,2025-06-15 04:15:00
610,303,A,2025-07-08 07:00:00
611,303,B,2025-07-08 07:15:00
612,303,A,2025-07-08 07:30:00
613,304,A,2025-06-15 10:00:00
614,304,A,2025-06-15 10:15:00
615,304,A,2025-06-15 10:30:00
616,305,B,2025-06-02 11:00:00
617,305,B,2025-06-02 11:15:00
618,306,A,2025-06-06 01:00:00
619,307,B,2025-07-17 16:00:00
620,308,A,2025-07-11 01:00:00
621,308,B,2025-07-11 01:15:00
622,309,B,2025-06-05 03:00:00
623,309,A,2025-06-05 03:15:00
624,309,A,2025-06-05 03:30:00
625,310,A,2025-06-15 17:00:00
626,311,A,2025-06-05 06:00:00
627,311,B,2025-06-05 06:15:00
628,311,B,2025-06-05 06:30:00
629,312,A,2025-07-29 05:00:00
630,313,B,2025-06-04 18:00:00
631,313,B,2025-06-04 18:15:00
632,314,B,2025-07-27 00:00:00
633,314,A,2025-07-27 00:15:00
634,314,B,2025-07-27 00:30:00
635,315,A,2025-06-23 05:00:00
636,315,B,2025-06-23 05:15:00
637,316,A,2025-06-06 13:00:00
638,316,A,2025-06-06 13:15:00
639,316,B,2025-06-06 13:30:00
640,317,B,2025-07-03 15:00:00
641,318,B,2025-06-16 11:00:00
642,319,B,2025-06-18 09:00:00
643,319,B,2025-06-18 09:15:00
644,319,A,2025-06-18 09:30:00
645,320,B,2025-07-14 00:00:00
646,320,A,2025-07-14 00:15:00
647,320,B,2025-07-14 00:30:00
648,321,A,2025-07-03 10:00:00
649,321,A,2025-07-03 10:15:00
650,321,B,2025-07-03 10:30:00
651,322,A,2025-06-14 08:00:00
652,322,B,2025-06-14 08:15:00
653,323,A,2025-07-06 15:00:00
654,323,B,2025-07-06 15:15:00
655,324,A,2025-06-10 07:00:00
656,325,B,2025-07-18 00:00:00
657,326,B,2025-07-31 19:00:00
658,326,B,2025-07-31 19:15:00
659,327,B,2025-07-28 04:00:00
660,327,A,2025-07-28 04:15:00
661,327,A,2025-07-28 04:30:00
662,328,A,2025-07-07 01:00:00
663,328,B,2025-07-07 01:15:00
664,328,A,2025-07-07 01:30:00
665,329,B,2025-07-07 14:00:00
666,329,A,2025-07-07 14:15:00
667,330,B,2025-07-02 12:00:00
668,330,A,2025-07-02 12:15:00
669,331,B,2025-06-16 07:00:00
670,331,B,2025-06-16 07:15:00
671,331,A,2025-06-16 07:30:00
672,332,A,2025-07-22 04:00:00
673,332,B,2025-07-22 04:15:00
674,332,A,2025-07-22 04:30:00
675,333,A,2025-07-02 17:00:00
676,333,B,2025-07-02 17:15:00
677,333,A,2025-07-02 17:30:00
678,334,B,2025-07-22 16:00:00
679,334,A,2025-07-22 16:15:00
680,335,A,2025-06-27 07:00:00
681,335,A,2025-06-27 07:15:00
682,336,B,2025-06-14 13:00:00
683,336,B,2025-06-14 13:15:00
684,336,A,2025-06-14 13:30:00
685,337,A,2025-06-07 08:00:00
686,337,A,2025-06-07 08:15:00
687,337,A,2025-06-07 08:30:00
688,338,B,2025-06-07 22:00:00
689,338,A,2025-06-07 22:15:00
690,338,B,2025-06-07 22:30:00
691,339,B,2025-07-13 18:00:00
692,339,B,2025-07-13 18:15:00
693,339,A,2025-07-13 18:30:00
694,340,B,2025-06-30 00:00:00
695,341,A,2025-06-23 17:00:00
696,342,A,2025-06-28 08:00:00
697,342,A,2025-06-28 08:15:00
698,342,B,2025-06-28 08:30:00
699,343,B,2025-06-29 00:00:00
700,344,B,2025-06-30 09:00:00
701,344,B,2025-06-30 09:15:00
702,345,A,2025-07-27 04:00:00
703,345,A,2025-07-27 04:15:00
704,346,B,2025-07-18 08:00:00
705,346,B,2025-07-18 08:15:00
706,347,B,2025-06-05 07:00:00
707,347,A,2025-06-05 07:15:00
708,348,B,2025-07-14 05:00:00
709,348,B,2025-07-14 05:15:00
710,348,A,2025-07-14 05:30:00
711,349,A,2025-07-13 01:00:00
712,349,B,2025-07-13 01:15:00
713,349,A,2025-07-13 01:30:00
714,350,B,2025-07-12 17:00:00
715,350,B,2025-07-12 17:15:00
716,351,A,2025-06-08 11:00:00
717,351,B,2025-06-08 11:15:00
718,352,A,2025-06-05 19:00:00
719,352,A,2025-06-05 19:15:00
720,353,B,2025-06-27 16:00:00
721,354,A,2025-07-17 07:00:00
722,355,A,2025-06-23 05:00:00
723,355,B,2025-06-23 05:15:00
724,356,A,2025-07-23 20:00:00
725,357,A,2025-07-26 19:00:00
726,357,B,2025-07-26 19:15:00
727,357,A,2025-07-26 19:30:00
728,358,B,2025-06-07 23:00:00
729,358,A,2025-06-07 23:15:00
730,358,B,2025-06-07 23:30:00
731,359,A,2025-06-17 17:00:00
732,359,A,2025-06-17 17:15:00
733,359,B,2025-06-17 17:30:00
734,360,A,2025-06-13 19:00:00
735,360,B,2025-06-13 19:15:00
736,360,A,2025-06-13 19:30:00
737,361,A,2025-06-13 06:00:00
738,361,A,2025-06-13 06:15:00
739,361,B,2025-06-13 06:30:00
740,362,A,2025-07-05 08:00:00
741,363,B,2025-06-30 19:00:00
742,363,A,2025-06-30 19:15:00
743,363,A,2025-06-30 19:30:00
744,364,A,2025-06-09 21:00:00
745,364,B,2025-06-09 21:15:00
746,364,A,2025-06-09 21:30:00
747,365,A,2025-06-28 04:00:00
748,365,B,2025-06-28 04:15:00
749,366,A,2025-06-13 22:00:00
750,367,B,2025-06-18 20:00:00
751,368,B,2025-06-30 08:00:00
752,368,A,2025-06-30 08:15:00
753,369,A,2025-06-17 19:00:00
754,369,A,2025-06-17 19:15:00
755,369,A,2025-06-17 19:30:00
756,370,A,2025-07-27 17:00:00
757,370,B,2025-07-27 17:15:00
758,370,B,2025-07-27 17:30:00
759,371,A,2025-07-30 13:00:00
760,371,B,2025-07-30 13:15:00
761,371,B,2025-07-30 13:30:00
762,372,A,2025-06-05 05:00:00
763,373,A,2025-07-01 00:00:00
764,374,B,2025-07-23 22:00:00
765,374,B,2025-07-23 22:15:00
766,374,B,2025-07-23 22:30:00
767,375,A,2025-07-26 08:00:00
768,375,B,2025-07-26 08:15:00
769,376,A,2025-07-25 05:00:00
770,376,B,2025-07-25 05:15:00
771,376,A,2025-07-25 05:30:00
772,377,A,2025-07-06 19:00:00
773,377,A,2025-07-06 19:15:00
774,377,B,2025-07-06 19:30:00
775,378,A,2025-06-08 17:00:00
776,378,A,2025-06-08 17:15:00
777,379,A,2025-06-05 00:00:00
778,379,A,2025-06-05 00:15:00
779,380,A,2025-07-13 16:00:00
780,380,A,2025-07-13 16:15:00
781,381,A,2025-07-05 20:00:00
782,381,B,2025-07-05 20:15:00
783,382,B,2025-07-25 02:00:00
784,382,A,2025-07-25 02:15:00
785,382,B,2025-07-25 02:30:00
786,383,A,2025-06-01 01:00:00
787,384,A,2025-06-06 16:00:00
788,385,B,2025-07-30 03:00:00
789,386,B,2025-07-19 18:00:00
790,386,B,2025-07-19 18:15:00
791,386,B,2025-07-19 18:30:00
792,387,A,2025-07-26 16:00:00
793,388,B,2025-06-16 05:00:00
794,388,A,2025-06-16 05:15:00
795,389,A,2025-06-11 13:00:00
796,389,B,2025-06-11 13:15:00
797,389,B,2025-06-11 13:30:00
798,390,A,2025-06-28 16:00:00
799,390,B,2025-06-28 16:15:00
800,390,B,2025-06-28 16:30:00
801,391,A,2025-07-02 15:00:00
802,391,A,2025-07-02 15:15:00
803,391,A,2025-07-02 15:30:00
804,392,B,2025-07-01 07:00:00
805,392,A,2025-07-01 07:15:00
806,393,A,2025-06-15 18:00:00
807,393,A,2025-06-15 18:15:00
808,394,A,2025-07-27 21:00:00
809,395,A,2025-06-26 00:00:00
810,395,B,2025-06-26 00:15:00
811,395,B,2025-06-26 00:30:00
812,396,B,2025-07-29 09:00:00
813,396,A,2025-07-29 09:15:00
814,396,B,2025-07-29 09:30:00
815,397,B,2025-06-05 23:00:00
816,398,A,2025-06-11 07:00:00
817,398,B,2025-06-11 07:15:00
818,398,B,2025-06-11 07:30:00
819,399,A,2025-06-26 09:00:00
820,399,B,2025-06-26 09:15:00
821,400,A,2025-06-02 12:00:00
822,400,B,2025-06-02 12:15:00
823,400,B,2025-06-02 12:30:00
824,401,A,2025-06-25 23:00:00
825,401,B,2025-06-25 23:15:00
826,401,A,2025-06-25 23:30:00
827,402,B,2025-06-17 10:00:00
828,402,A,2025-06-17 10:15:00
829,403,A,2025-07-31 19:00:00
830,403,A,2025-07-31 19:15:00
831,403,A,2025-07-31 19:30:00
832,404,A,2025-07-21 00:00:00
833,405,B,2025-07-22 06:00:00
834,406,A,2025-06-30 09:00:00
835,406,A,2025-06-30 09:15:00
836,407,B,2025-06-20 21:00:00
837,407,A,2025-06-20 21:15:00
838,407,B,2025-06-20 21:30:00
839,408,B,2025-06-29 02:00:00
840,409,B,2025-07-15 04:00:00
841,409,A,2025-07-15 04:15:00
842,410,A,2025-07-18 19:00:00
843,410,A,2025-07-18 19:15:00
844,410,A,2025-07-18 19:30:00
845,411,B,2025-07-21 02:00:00
846,411,A,2025-07-21 02:15:00
847,411,B,2025-07-21 02:30:00
848,412,B,2025-07-06 19:00:00
849,412,A,2025-07-06 19:15:00
850,413,A,2025-07-14 05:00:00
851,413,B,2025-07-14 05:15:00
852,413,A,2025-07-14 05:30:00
853,414,B,2025-07-17 12:00:00
854,414,A,2025-07-17 12:15:00
855,415,B,2025-07-02 23:00:00
856,415,A,2025-07-02 23:15:00
857,416,A,2025-06-11 10:00:00
858,416,A,2025-06-11 10:15:00
859,416,A,2025-06-11 10:30:00
860,417,A,2025-06-13 01:00:00
861,417,B,2025-06-13 01:15:00
862,418,A,2025-06-20 20:00:00
863,418,B,2025-06-20 20:15:00
864,418,A,2025-06-20 20:30:00
865,419,B,2025-06-15 00:00:00
866,419,A,2025-06-15 00:15:00
867,419,A,2025-06-15 00:30:00
868,420,B,2025-06-04 15:00:00
869,420,B,2025-06-04 15:15:00
870,420,A,2025-06-04 15:30:00
871,421,B,2025-07-09 21:00:00
872,422,A,2025-07-18 02:00:00
873,423,B,2025-07-06 02:00:00
874,423,B,2025-07-06 02:15:00
875,423,A,2025-07-06 02:30:00
876,424,A,2025-06-04 06:00:00
877,424,B,2025-06-04 06:15:00
878,424,A,2025-06-04 06:30:00
879,425,A,2025-07-19 12:00:00
880,425,B,2025-07-19 12:15:00
881,425,A,2025-07-19 12:30:00
882,426,B,2025-06-21 18:00:00
883,427,B,2025-06-05 01:00:00
884,427,B,2025-06-05 01:15:00
885,428,A,2025-06-04 17:00:00
886,428,A,2025-06-04 17:15:00
887,429,A,2025-07-08 08:00:00
888,430,A,2025-07-01 06:00:00
889,431,B,2025-07-04 05:00:00
890,431,B,2025-07-04 05:15:00
891,432,B,2025-07-30 10:00:00
892,433,B,2025-07-26 04:00:00
893,434,A,2025-07-04 16:00:00
894,434,A,2025-07-04 16:15:00
895,435,B,2025-06-12 19:00:00
896,436,A,2025-06-05 20:00:00
897,436,A,2025-06-05 20:15:00
898,436,B,2025-06-05 20:30:00
899,437,A,2025-07-03 05:00:00
900,438,A,2025-06-07 01:00:00
901,438,B,2025-06-07 01:15:00
902,439,A,2025-07-25 11:00:00
903,439,B,2025-07-25 11:15:00
904,440,A,2025-06-13 11:00:00
905,440,A,2025-06-13 11:15:00
906,441,A,2025-06-05 06:00:00
907,441,A,2025-06-05 06:15:00
908,442,A,2025-07-09 03:00:00
909,443,B,2025-06-05 12:00:00
910,444,A,2025-07-15 19:00:00
911,444,B,2025-07-15 19:15:00
912,445,A,2025-07-26 01:00:00
913,446,B,2025-06-17 17:00:00
914,447,B,2025-06-26 05:00:00
915,448,B,2025-06-08 02:00:00
916,449,B,2025-07-31 10:00:00
917,450,B,2025-07-28 01:00:00
918,450,A,2025-07-28 01:15:00
919,450,B,2025-07-28 01:30:00
920,451,A,2025-07-08 03:00:00
921,451,B,2025-07-08 03:15:00
922,451,A,2025-07-08 03:30:00
923,452,B,2025-06-16 17:00:00
924,453,A,2025-07-08 09:00:00
925,453,A,2025-07-08 09:15:00
926,454,B,2025-07-09 18:00:00
927,454,B,2025-07-09 18:15:00
928,454,B,2025-07-09 18:30:00
929,455,B,2025-06-03 05:00:00
930,456,B,2025-07-10 08:00:00
931,456,A,2025-07-10 08:15:00
932,457,A,2025-06-07 09:00:00
933,457,A,2025-06-07 09:15:00
934,457,B,2025-06-07 09:30:00
935,458,B,2025-06-27 22:00:00
936,458,B,2025-06-27 22:15:00
937,458,B,2025-06-27 22:30:00
938,459,B,2025-07-14 08:00:00
939,459,B,2025-07-14 08:15:00
940,459,B,2025-07-14 08:30:00
941,460,B,2025-07-08 01:00:00
942,461,A,2025-07-07 14:00:00
943,461,B,2025-07-07 14:15:00
944,461,A,2025-07-07 14:30:00
945,462,B,2025-07-05 09:00:00
946,462,A,2025-07-05 09:15:00
947,463,A,2025-06-21 06:00:00
948,464,B,2025-07-30 15:00:00
949,464,A,2025-07-30 15:15:00
950,464,A,2025-07-30 15:30:00
951,465,B,2025-06-18 00:00:00
952,465,A,2025-06-18 00:15:00
953,465,A,2025-06-18 00:30:00
954,466,B,2025-06-15 13:00:00
955,467,B,2025-07-14 20:00:00
956,467,A,2025-07-14 20:15:00
957,467,B,2025-07-14 20:30:00
958,468,A,2025-07-17 12:00:00
959,468,A,2025-07-17 12:15:00
960,468,B,2025-07-17 12:30:00
961,469,A,2025-06-21 19:00:00
962,469,B,2025-06-21 19:15:00
963,469,A,2025-06-21 19:30:00
964,470,A,2025-06-16 03:00:00
965,471,A,2025-06-17 14:00:00
966,471,B,2025-06-17 14:15:00
967,471,A,2025-06-17 14:30:00
968,472,A,2025-06-27 15:00:00
969,472,A,2025-06-27 15:15:00
970,473,A,2025-06-10 21:00:00
971,473,B,2025-06-10 21:15:00
972,474,A,2025-07-13 01:00:00
973,475,A,2025-07-13 21:00:00
974,475,A,2025-07-13 21:15:00
975,475,B,2025-07-13 21:30:00
976,476,B,2025-06-20 23:00:00
977,477,B,2025-06-30 06:00:00
978,477,B,2025-06-30 06:15:00
979,477,B,2025-06-30 06:30:00
980,478,B,2025-06-21 10:00:00
981,479,B,2025-07-31 07:00:00
982,479,A,2025-07-31 07:15:00
983,479,B,2025-07-31 07:30:00
984,480,A,2025-07-20 18:00:00
985,481,B,2025-07-30 19:00:00
986,481,A,2025-07-30 19:15:00
987,482,A,2025-06-06 22:00:00
988,483,B,2025-06-02 12:00:00
989,483,A,2025-06-02 12:15:00
990,483,A,2025-06-02 12:30:00
991,484,A,2025-06-30 20:00:00
992,484,A,2025-06-30 20:15:00
993,484,B,2025-06-30 20:30:00
994,485,A,2025-07-10 21:00:00
995,486,B,2025-07-07 22:00:00
996,487,A,2025-06-08 16:00:00
997,488,B,2025-06-06 18:00:00
998,488,B,2025-06-06 18:15:00
999,488,A,2025-06-06 18:30:00
1000,489,A,2025-07-05 13:00:00
1001,489,A,2025-07-05 13:15:00
1002,490,A,2025-06-14 16:00:00
1003,490,A,2025-06-14 16:15:00
1004,491,B,2025-07-04 00:00:00
1005,492,A,2025-06-18 02:00:00
1006,492,B,2025-06-18 02:15:00
1007,492,B,2025-06-18 02:30:00
1008,493,B,2025-06-09 22:00:00
1009,493,A,2025-06-09 22:15:00
1010,494,A,2025-07-31 12:00:00
1011,494,A,2025-07-31 12:15:00
1012,495,A,2025-06-23 04:00:00
1013,495,B,2025-06-23 04:15:00
1014,496,B,2025-07-27 20:00:00
1015,497,B,2025-06-05 04:00:00
1016,498,A,2025-07-28 00:00:00
1017,499,A,2025-06-16 04:00:00
1018,499,B,2025-06-16 04:15:00
1019,499,B,2025-06-16 04:30:00
1020,500,B,2025-06-24 01:00:00
1021,500,A,2025-06-24 01:15:00
1022,500,B,2025-06-24 01:30:00
1023,501,A,2025-06-19 03:00:00
1024,502,A,2025-06-11 13:00:00
1025,502,B,2025-06-11 13:15:00
1026,503,B,2025-06-30 11:00:00
1027,503,B,2025-06-30 11:15:00
1028,503,B,2025-06-30 11:30:00
1029,504,A,2025-07-24 06:00:00
1030,505,B,2025-07-06 12:00:00
1031,505,A,2025-07-06 12:15:00
1032,506,A,2025-07-16 23:00:00
1033,507,B,2025-06-20 05:00:00
1034,507,B,2025-06-20 05:15:00
1035,508,A,2025-07-10 06:00:00
1036,509,B,2025-07-22 10:00:00
1037,510,A,2025-07-13 06:00:00
1038,511,B,2025-07-05 01:00:00
1039,511,B,2025-07-05 01:15:00
1040,512,A,2025-06-01 16:00:00
1041,512,B,2025-06-01 16:15:00
1042,512,A,2025-06-01 16:30:00
1043,513,B,2025-07-14 00:00:00
1044,513,A,2025-07-14 00:15:00
1045,514,B,2025-07-23 02:00:00
1046,514,B,2025-07-23 02:15:00
1047,515,A,2025-07-06 16:00:00
1048,515,B,2025-07-06 16:15:00
1049,516,A,2025-06-20 03:00:00
1050,516,A,2025-06-20 03:15:00
1051,516,A,2025-06-20 03:30:00
1052,517,B,2025-07-30 22:00:00
1053,517,A,2025-07-30 22:15:00
1054,517,A,2025-07-30 22:30:00
1055,518,B,2025-07-14 09:00:00
1056,518,B,2025-07-14 09:15:00
1057,519,B,2025-06-07 15:00:00
1058,519,B,2025-06-07 15:15:00
1059,519,A,2025-06-07 15:30:00
1060,520,A,2025-08-01 21:00:00
1061,520,A,2025-08-01 21:15:00
1062,521,B,2025-07-29 00:00:00
1063,522,A,2025-06-09 10:00:00
1064,523,A,2025-06-17 08:00:00
1065,524,B,2025-06-08 05:00:00
1066,524,A,2025-06-08 05:15:00
1067,525,B,2025-07-27 09:00:00
1068,525,B,2025-07-27 09:15:00
1069,525,A,2025-07-27 09:30:00
1070,526,B,2025-06-08 00:00:00
1071,527,B,2025-07-18 20:00:00
1072,527,B,2025-07-18 20:15:00
1073,527,A,2025-07-18 20:30:00
1074,528,B,2025-07-07 15:00:00
1075,528,A,2025-07-07 15:15:00
1076,528,B,2025-07-07 15:30:00
1077,529,A,2025-06-10 09:00:00
1078,530,A,2025-06-19 12:00:00
1079,531,B,2025-06-20 10:00:00
1080,531,B,2025-06-20 10:15:00
1081,532,B,2025-07-10 00:00:00
1082,532,B,2025-07-10 00:15:00
1083,533,B,2025-06-14 11:00:00
1084,534,B,2025-07-16 09:00:00
1085,534,A,2025-07-16 09:15:00
1086,535,A,2025-06-22 21:00:00
1087,535,A,2025-06-22 21:15:00
1088,536,B,2025-06-15 06:00:00
1089,536,B,2025-06-15 06:15:00
1090,536,A,2025-06-15 06:30:00
1091,537,B,2025-07-14 19:00:00
1092,537,B,2025-07-14 19:15:00
1093,538,A,2025-07-12 20:00:00
1094,538,A,2025-07-12 20:15:00
1095,539,B,2025-07-25 19:00:00
1096,540,B,2025-06-17 17:00:00
1097,540,A,2025-06-17 17:15:00
1098,541,A,2025-07-04 04:00:00
1099,542,B,2025-07-03 23:00:00
1100,542,B,2025-07-03 23:15:00
1101,543,A,2025-06-18 08:00:00
1102,544,B,2025-07-28 19:00:00
1103,545,A,2025-07-30 09:00:00
1104,546,A,2025-07-25 12:00:00
1105,547,A,2025-06-04 15:00:00
1106,548,B,2025-06-06 03:00:00
1107,548,A,2025-06-06 03:15:00
1108,549,B,2025-07-11 23:00:00
1109,549,B,2025-07-11 23:15:00
1110,550,A,2025-06-28 07:00:00
1111,550,A,2025-06-28 07:15:00
1112,550,B,2025-06-28 07:30:00
1113,551,B,2025-07-25 14:00:00
1114,551,A,2025-07-25 14:15:00
1115,552,B,2025-06-19 13:00:00
1116,552,B,2025-06-19 13:15:00
1117,553,A,2025-06-03 16:00:00
1118,554,B,2025-06-01 01:00:00
1119,554,A,2025-06-01 01:15:00
1120,555,A,2025-06-23 12:00:00
1121,556,A,2025-07-21 17:00:00
1122,557,B,2025-06-09 13:00:00
1123,557,B,2025-06-09 13:15:00
1124,557,A,2025-06-09 13:30:00
1125,558,B,2025-07-11 00:00:00
1126,558,A,2025-07-11 00:15:00
1127,558,A,2025-07-11 00:30:00
1128,559,A,2025-06-17 00:00:00
1129,559,B,2025-06-17 00:15:00
1130,559,B,2025-06-17 00:30:00
1131,560,B,2025-06-12 21:00:00
1132,560,B,2025-06-12 21:15:00
1133,560,B,2025-06-12 21:30:00
1134,561,B,2025-07-19 05:00:00
1135,561,A,2025-07-19 05:15:00
1136,562,B,2025-06-29 19:00:00
1137,562,A,2025-06-29 19:15:00
1138,563,B,2025-07-07 08:00:00
1139,564,B,2025-07-17 17:00:00
1140,564,B,2025-07-17 17:15:00
1141,564,A,2025-07-17 17:30:00
1142,565,B,2025-06-28 04:00:00
1143,565,B,2025-06-28 04:15:00
1144,566,B,2025-07-06 20:00:00
1145,566,B,2025-07-06 20:15:00
1146,566,B,2025-07-06 20:30:00
1147,567,A,2025-06-01 09:00:00
1148,568,B,2025-06-09 14:00:00
1149,569,A,2025-06-05 20:00:00
1150,569,A,2025-06-05 20:15:00
1151,569,B,2025-06-05 20:30:00
1152,570,B,2025-07-31 16:00:00
1153,570,B,2025-07-31 16:15:00
1154,571,A,2025-07-28 23:00:00
1155,571,A,2025-07-28 23:15:00
1156,572,A,2025-07-16 22:00:00
1157,572,B,2025-07-16 22:15:00
1158,573,B,2025-07-28 22:00:00
1159,573,A,2025-07-28 22:15:00
1160,573,A,2025-07-28 22:30:00
1161,574,B,2025-06-10 06:00:00
1162,574,A,2025-06-10 06:15:00
1163,575,A,2025-07-05 16:00:00
1164,575,B,2025-07-05 16:15:00
1165,575,A,2025-07-05 16:30:00
1166,576,A,2025-06-03 22:00:00
1167,577,B,2025-07-24 19:00:00
1168,577,B,2025-07-24 19:15:00
1169,577,B,2025-07-24 19:30:00
1170,578,B,2025-06-25 13:00:00
1171,578,B,2025-06-25 13:15:00
1172,579,A,2025-07-09 06:00:00
1173,580,A,2025-07-07 13:00:00
1174,580,B,2025-07-07 13:15:00
1175,580,A,2025-07-07 13:30:00
1176,581,B,2025-06-10 07:00:00
1177,581,B,2025-06-10 07:15:00
1178,581,B,2025-06-10 07:30:00
1179,582,A,2025-06-28 09:00:00
1180,583,B,2025-06-09 21:00:00
1181,584,A,2025-06-04 05:00:00
1182,584,B,2025-06-04 05:15:00
1183,584,A,2025-06-04 05:30:00
1184,585,B,2025-06-21 07:00:00
1185,586,B,2025-06-24 11:00:00
1186,586,A,2025-06-24 11:15:00
1187,586,A,2025-06-24 11:30:00
1188,587,A,2025-07-28 17:00:00
1189,587,A,2025-07-28 17:15:00
1190,588,A,2025-08-01 00:00:00
1191,588,B,2025-08-01 00:15:00
1192,588,A,2025-08-01 00:30:00
1193,589,B,2025-07-22 15:00:00
1194,590,B,2025-07-27 03:00:00
1195,590,B,2025-07-27 03:15:00
1196,590,B,2025-07-27 03:30:00
1197,591,A,2025-06-03 00:00:00
1198,591,A,2025-06-03 00:15:00
1199,592,A,2025-07-28 23:00:00
1200,592,B,2025-07-28 23:15:00
1201,592,A,2025-07-28 23:30:00
1202,593,A,2025-06-24 19:00:00
1203,594,A,2025-06-15 22:00:00
1204,594,A,2025-06-15 22:15:00
1205,594,B,2025-06-15 22:30:00
1206,595,A,2025-07-14 08:00:00
1207,595,B,2025-07-14 08:15:00
1208,596,B,2025-06-17 13:00:00
1209,596,A,2025-06-17 13:15:00
1210,596,A,2025-06-17 13:30:00
1211,597,B,2025-07-13 19:00:00
1212,598,B,2025-06-08 22:00:00
1213,598,B,2025-06-08 22:15:00
1214,599,B,2025-06-23 08:00:00
1215,599,B,2025-06-23 08:15:00
1216,599,B,2025-06-23 08:30:00
1217,600,B,2025-07-20 10:00:00
1218,601,A,2025-07-06 14:00:00
1219,602,A,2025-07-27 08:00:00
1220,602,A,2025-07-27 08:15:00
1221,602,A,2025-07-27 08:30:00
1222,603,A,2025-07-26 23:00:00
1223,604,B,2025-06-28 16:00:00
1224,604,A,2025-06-28 16:15:00
1225,605,A,2025-07-10 03:00:00
1226,605,A,2025-07-10 03:15:00
1227,605,A,2025-07-10 03:30:00
1228,606,B,2025-07-18 07:00:00
1229,606,B,2025-07-18 07:15:00
1230,606,B,2025-07-18 07:30:00
1231,607,B,2025-06-11 11:00:00
1232,608,A,2025-07-31 20:00:00
1233,608,A,2025-07-31 20:15:00
1234,609,A,2025-07-31 19:00:00
1235,609,B,2025-07-31 19:15:00
1236,609,B,2025-07-31 19:30:00
1237,610,B,2025-06-16 06:00:00
1238,610,A,2025-06-16 06:15:00
1239,610,B,2025-06-16 06:30:00
1240,611,A,2025-07-27 08:00:00
1241,612,A,2025-06-11 07:00:00
1242,612,B,2025-06-11 07:15:00
1243,613,A,2025-07-23 14:00:00
1244,614,A,2025-07-23 09:00:00
1245,614,B,2025-07-23 09:15:00
1246,615,B,2025-06-13 02:00:00
1247,615,A,2025-06-13 02:15:00
1248,615,A,2025-06-13 02:30:00
1249,616,A,2025-07-28 07:00:00
1250,616,B,2025-07-28 07:15:00
1251,616,B,2025-07-28 07:30:00
1252,617,A,2025-06-27 00:00:00
1253,618,A,2025-06-02 05:00:00
1254,618,B,2025-06-02 05:15:00
1255,618,A,2025-06-02 05:30:00
1256,619,A,2025-06-13 08:00:00
1257,620,A,2025-07-19 22:00:00
1258,620,B,2025-07-19 22:15:00
1259,620,A,2025-07-19 22:30:00
1260,621,B,2025-07-30 18:00:00
1261,621,B,2025-07-30 18:15:00
1262,622,A,2025-06-22 06:00:00
1263,623,B,2025-07-21 18:00:00
1264,624,B,2025-07-30 20:00:00
1265,624,A,2025-07-30 20:15:00
1266,624,A,2025-07-30 20:30:00
1267,625,A,2025-06-27 00:00:00
1268,626,A,2025-07-23 17:00:00
1269,626,B,2025-07-23 17:15:00
1270,626,B,2025-07-23 17:30:00
1271,627,B,2025-07-14 15:00:00
1272,627,A,2025-07-14 15:15:00
1273,628,A,2025-07-26 21:00:00
1274,628,A,2025-07-26 21:15:00
1275,629,B,2025-07-19 01:00:00
1276,629,B,2025-07-19 01:15:00
1277,630,B,2025-07-23 20:00:00
1278,630,B,2025-07-23 20:15:00
1279,631,A,2025-06-16 10:00:00
1280,631,A,2025-06-16 10:15:00
1281,631,A,2025-06-16 10:30:00
1282,632,B,2025-06-18 06:00:00
1283,633,B,2025-06-12 06:00:00
1284,633,A,2025-06-12 06:15:00
1285,633,B,2025-06-12 06:30:00
1286,634,A,2025-07-22 15:00:00
1287,634,A,2025-07-22 15:15:00
1288,635,A,2025-07-16 07:00:00
1289,635,B,2025-07-16 07:15:00
1290,636,A,2025-06-07 02:00:00
1291,636,B,2025-06-07 02:15:00
1292,637,A,2025-06-25 20:00:00
1293,637,A,2025-06-25 20:15:00
1294,637,B,2025-06-25 20:30:00
1295,638,A,2025-07-27 09:00:00
1296,638,B,2025-07-27 09:15:00
1297,638,A,2025-07-27 09:30:00
1298,639,B,2025-06-03 22:00:00
1299,639,A,2025-06-03 22:15:00
1300,640,A,2025-07-26 15:00:00
1301,640,A,2025-07-26 15:15:00
1302,640,A,2025-07-26 15:30:00
1303,641,B,2025-07-02 06:00:00
1304,641,A,2025-07-02 06:15:00
1305,641,A,2025-07-02 06:30:00
1306,642,A,2025-06-15 20:00:00
1307,642,B,2025-06-15 20:15:00
1308,643,A,2025-06-13 03:00:00
1309,643,B,2025-06-13 03:15:00
1310,644,A,2025-07-23 15:00:00
1311,644,B,2025-07-23 15:15:00
1312,645,B,2025-07-30 12:00:00
1313,645,A,2025-07-30 12:15:00
1314,646,B,2025-07-01 04:00:00
1315,646,A,2025-07-01 04:15:00
1316,647,A,2025-06-24 23:00:00
1317,647,A,2025-06-24 23:15:00
1318,648,A,2025-06-21 02:00:00
1319,648,A,2025-06-21 02:15:00
1320,649,B,2025-07-24 14:00:00
1321,650,A,2025-07-22 11:00:00
1322,650,B,2025-07-22 11:15:00
1323,650,B,2025-07-22 11:30:00
1324,651,A,2025-07-26 03:00:00
1325,651,B,2025-07-26 03:15:00
1326,652,B,2025-06-16 11:00:00
1327,652,B,2025-06-16 11:15:00
1328,653,A,2025-06-16 04:00:00
1329,653,A,2025-06-16 04:15:00
1330,653,A,2025-06-16 04:30:00
1331,654,B,2025-06-02 21:00:00
1332,655,B,2025-07-13 18:00:00
1333,655,A,2025-07-13 18:15:00
1334,655,A,2025-07-13 18:30:00
1335,656,A,2025-06-14 07:00:00
1336,657,B,2025-06-27 23:00:00
1337,657,A,2025-06-27 23:15:00
1338,657,B,2025-06-27 23:30:00
1339,658,A,2025-06-22 12:00:00
1340,658,A,2025-06-22 12:15:00
1341,658,B,2025-06-22 12:30:00
1342,659,A,2025-06-19 05:00:00
1343,660,A,2025-07-26 21:00:00
1344,660,B,2025-07-26 21:15:00
1345,660,A,2025-07-26 21:30:00
1346,661,A,2025-06-06 19:00:00
1347,661,B,2025-06-06 19:15:00
1348,661,B,2025-06-06 19:30:00
1349,662,A,2025-07-21 13:00:00
1350,662,B,2025-07-21 13:15:00
1351,662,A,2025-07-21 13:30:00
1352,663,A,2025-06-19 23:00:00
1353,663,B,2025-06-19 23:15:00
1354,663,B,2025-06-19 23:30:00
1355,664,A,2025-06-23 11:00:00
1356,664,A,2025-06-23 11:15:00
1357,664,A,2025-06-23 11:30:00
1358,665,B,2025-07-13 18:00:00
1359,665,B,2025-07-13 18:15:00
1360,666,A,2025-07-04 14:00:00
1361,666,B,2025-07-04 14:15:00
1362,667,B,2025-06-26 21:00:00
1363,667,B,2025-06-26 21:15:00
1364,668,B,2025-07-14 08:00:00
1365,669,B,2025-07-25 20:00:00
1366,669,B,2025-07-25 20:15:00
1367,669,A,2025-07-25 20:30:00
1368,670,B,2025-07-05 13:00:00
1369,671,A,2025-06-22 22:00:00
1370,671,A,2025-06-22 22:15:00
1371,671,B,2025-06-22 22:30:00
1372,672,B,2025-07-31 07:00:00
1373,672,B,2025-07-31 07:15:00
1374,672,B,2025-07-31 07:30:00
1375,673,B,2025-06-03 23:00:00
1376,673,B,2025-06-03 23:15:00
1377,673,A,2025-06-03 23:30:00
1378,674,A,2025-06-08 06:00:00
1379,674,B,2025-06-08 06:15:00
1380,674,A,2025-06-08 06:30:00
1381,675,A,2025-07-28 18:00:00
1382,676,A,2025-06-17 17:00:00
1383,677,B,2025-06-13 19:00:00
1384,677,A,2025-06-13 19:15:00
1385,678,B,2025-07-09 20:00:00
1386,679,A,2025-06-19 00:00:00
1387,680,A,2025-06-04 04:00:00
1388,680,A,2025-06-04 04:15:00
1389,681,B,2025-06-08 17:00:00
1390,681,A,2025-06-08 17:15:00
1391,681,B,2025-06-08 17:30:00
1392,682,A,2025-07-10 18:00:00
1393,682,B,2025-07-10 18:15:00
1394,682,B,2025-07-10 18:30:00
1395,683,B,2025-06-29 19:00:00
1396,683,A,2025-06-29 19:15:00
1397,684,B,2025-06-24 23:00:00
1398,685,B,2025-07-18 15:00:00
1399,686,B,2025-07-22 16:00:00
1400,687,A,2025-06-22 10:00:00
1401,687,A,2025-06-22 10:15:00
1402,687,B,2025-06-22 10:30:00
1403,688,A,2025-06-28 11:00:00
1404,688,A,2025-06-28 11:15:00
1405,689,A,2025-07-10 23:00:00
1406,690,B,2025-07-03 02:00:00
1407,690,B,2025-07-03 02:15:00
1408,691,A,2025-06-08 16:00:00
1409,691,A,2025-06-08 16:15:00
1410,691,B,2025-06-08 16:30:00
1411,692,B,2025-06-25 21:00:00
1412,693,A,2025-07-28 09:00:00
1413,693,A,2025-07-28 09:15:00
1414,693,B,2025-07-28 09:30:00
1415,694,B,2025-07-07 03:00:00
1416,694,B,2025-07-07 03:15:00
1417,694,B,2025-07-07 03:30:00
1418,695,B,2025-06-14 21:00:00
1419,696,A,2025-06-17 14:00:00
1420,696,A,2025-06-17 14:15:00
1421,696,A,2025-06-17 14:30:00
1422,697,B,2025-06-04 10:00:00
1423,697,A,2025-06-04 10:15:00
1424,698,A,2025-07-16 14:00:00
1425,698,B,2025-07-16 14:15:00
1426,699,B,2025-06-28 23:00:00
1427,699,A,2025-06-28 23:15:00
1428,700,B,2025-06-02 09:00:00
1429,700,A,2025-06-02 09:15:00
1430,700,A,2025-06-02 09:30:00
1431,701,B,2025-07-04 22:00:00
1432,701,A,2025-07-04 22:15:00
1433,701,A,2025-07-04 22:30:00
1434,702,B,2025-07-31 19:00:00
1435,703,B,2025-07-22 07:00:00
1436,703,B,2025-07-22 07:15:00
1437,704,B,2025-07-06 22:00:00
1438,704,A,2025-07-06 22:15:00
1439,704,B,2025-07-06 22:30:00
1440,705,B,2025-07-15 08:00:00
1441,705,B,2025-07-15 08:15:00
1442,705,A,2025-07-15 08:30:00
1443,706,A,2025-07-18 17:00:00
1444,706,B,2025-07-18 17:15:00
1445,707,A,2025-07-31 05:00:00
1446,707,A,2025-07-31 05:15:00
1447,707,A,2025-07-31 05:30:00
1448,708,A,2025-07-18 04:00:00
1449,708,A,2025-07-18 04:15:00
1450,708,B,2025-07-18 04:30:00
1451,709,B,2025-07-18 13:00:00
1452,710,A,2025-07-13 04:00:00
1453,710,A,2025-07-13 04:15:00
1454,710,B,2025-07-13 04:30:00
1455,711,A,2025-06-13 21:00:00
1456,711,A,2025-06-13 21:15:00
1457,711,A,2025-06-13 21:30:00
1458,712,B,2025-06-24 11:00:00
1459,713,A,2025-06-28 04:00:00
1460,713,B,2025-06-28 04:15:00
1461,713,B,2025-06-28 04:30:00
1462,714,B,2025-06-06 04:00:00
1463,714,B,2025-06-06 04:15:00
1464,715,B,2025-07-31 01:00:00
1465,715,A,2025-07-31 01:15:00
1466,716,A,2025-07-13 00:00:00
1467,716,A,2025-07-13 00:15:00
1468,716,A,2025-07-13 00:30:00
1469,717,A,2025-07-30 08:00:00
1470,717,B,2025-07-30 08:15:00
1471,718,A,2025-06-22 19:00:00
1472,718,B,2025-06-22 19:15:00
1473,718,B,2025-06-22 19:30:00
1474,719,A,2025-07-11 01:00:00
1475,719,B,2025-07-11 01:15:00
1476,720,A,2025-06-22 10:00:00
1477,721,B,2025-07-14 23:00:00
1478,722,A,2025-07-25 18:00:00
1479,722,B,2025-07-25 18:15:00
1480,722,B,2025-07-25 18:30:00
1481,723,A,2025-06-09 11:00:00
1482,724,A,2025-07-17 02:00:00
1483,725,B,2025-07-29 14:00:00
1484,725,A,2025-07-29 14:15:00
1485,725,B,2025-07-29 14:30:00
1486,726,B,2025-06-21 23:00:00
1487,727,A,2025-07-04 02:00:00
1488,728,A,2025-06-20 11:00:00
1489,729,A,2025-07-13 16:00:00
1490,729,A,2025-07-13 16:15:00
1491,729,A,2025-07-13 16:30:00
1492,730,A,2025-06-28 12:00:00
1493,730,B,2025-06-28 12:15:00
1494,730,A,2025-06-28 12:30:00
1495,731,A,2025-06-22 18:00:00
1496,731,B,2025-06-22 18:15:00
1497,732,B,2025-06-26 12:00:00
1498,733,A,2025-07-15 22:00:00
1499,733,A,2025-07-15 22:15:00
1500,734,A,2025-06-19 18:00:00
1501,735,B,2025-07-06 20:00:00
1502,736,B,2025-06-09 21:00:00
1503,736,A,2025-06-09 21:15:00
1504,737,B,2025-06-14 12:00:00
1505,737,B,2025-06-14 12:15:00
1506,737,B,2025-06-14 12:30:00
1507,738,B,2025-06-27 00:00:00
1508,739,B,2025-07-13 14:00:00
1509,740,A,2025-07-31 23:00:00
1510,740,B,2025-07-31 23:15:00
1511,741,B,2025-06-26 05:00:00
1512,741,B,2025-06-26 05:15:00
1513,742,A,2025-07-15 07:00:00
1514,742,A,2025-07-15 07:15:00
1515,743,A,2025-07-19 14:00:00
1516,743,B,2025-07-19 14:15:00
1517,743,A,2025-07-19 14:30:00
1518,744,B,2025-07-28 12:00:00
1519,744,A,2025-07-28 12:15:00
1520,744,A,2025-07-28 12:30:00
1521,745,A,2025-06-13 08:00:00
1522,746,B,2025-07-11 13:00:00
1523,746,A,2025-07-11 13:15:00
1524,746,A,2025-07-11 13:30:00
1525,747,B,2025-07-07 16:00:00
1526,747,A,2025-07-07 16:15:00
1527,747,B,2025-07-07 16:30:00
1528,748,B,2025-06-20 14:00:00
1529,748,A,2025-06-20 14:15:00
1530,749,A,2025-06-27 08:00:00
1531,749,B,2025-06-27 08:15:00
1532,750,A,2025-07-07 08:00:00
1533,750,A,2025-07-07 08:15:00
1534,751,A,2025-07-25 19:00:00
1535,751,A,2025-07-25 19:15:00
1536,751,B,2025-07-25 19:30:00
1537,752,A,2025-06-01 11:00:00
1538,753,B,2025-06-21 22:00:00
1539,753,B,2025-06-21 22:15:00
1540,753,A,2025-06-21 22:30:00
1541,754,B,2025-06-21 00:00:00
1542,755,B,2025-06-14 04:00:00
1543,756,A,2025-06-28 14:00:00
1544,756,A,2025-06-28 14:15:00
1545,757,B,2025-07-21 23:00:00
1546,757,B,2025-07-21 23:15:00
1547,757,B,2025-07-21 23:30:00
1548,758,B,2025-07-08 02:00:00
1549,759,B,2025-07-10 21:00:00
1550,760,A,2025-07-12 16:00:00
1551,760,B,2025-07-12 16:15:00
1552,760,B,2025-07-12 16:30:00
1553,761,A,2025-06-22 13:00:00
1554,761,B,2025-06-22 13:15:00
1555,762,B,2025-06-30 14:00:00
1556,762,B,2025-06-30 14:15:00
1557,763,B,2025-06-30 07:00:00
1558,763,A,2025-06-30 07:15:00
1559,764,B,2025-06-29 08:00:00
1560,764,A,2025-06-29 08:15:00
1561,764,A,2025-06-29 08:30:00
1562,765,B,2025-07-15 08:00:00
1563,766,A,2025-06-14 09:00:00
1564,767,A,2025-07-03 23:00:00
1565,768,B,2025-07-01 14:00:00
1566,768,B,2025-07-01 14:15:00
1567,768,A,2025-07-01 14:30:00
1568,769,B,2025-07-22 19:00:00
1569,769,B,2025-07-22 19:15:00
1570,770,A,2025-07-29 13:00:00
1571,771,A,2025-07-22 02:00:00
1572,771,A,2025-07-22 02:15:00
1573,771,A,2025-07-22 02:30:00
1574,772,A,2025-07-19 12:00:00
1575,773,A,2025-06-12 16:00:00
1576,774,A,2025-07-13 09:00:00
1577,774,A,2025-07-13 09:15:00
1578,774,B,2025-07-13 09:30:00
1579,775,B,2025-06-07 09:00:00
1580,776,A,2025-06-20 12:00:00
1581,776,B,2025-06-20 12:15:00
1582,776,A,2025-06-20 12:30:00
1583,777,B,2025-07-04 04:00:00
1584,778,A,2025-07-13 10:00:00
1585,778,B,2025-07-13 10:15:00
1586,779,A,2025-07-11 09:00:00
1587,779,B,2025-07-11 09:15:00
1588,779,A,2025-07-11 09:30:00
1589,780,B,2025-07-11 19:00:00
1590,780,B,2025-07-11 19:15:00
1591,780,A,2025-07-11 19:30:00
1592,781,B,2025-06-23 00:00:00
1593,782,A,2025-06-06 06:00:00
1594,783,B,2025-07-24 09:00:00
1595,784,A,2025-08-01 14:00:00
1596,785,A,2025-07-20 06:00:00
1597,786,A,2025-06-17 08:00:00
1598,786,A,2025-06-17 08:15:00
1599,786,B,2025-06-17 08:30:00
1600,787,A,2025-07-14 08:00:00
1601,787,B,2025-07-14 08:15:00
1602,787,B,2025-07-14 08:30:00
1603,788,B,2025-06-20 02:00:00
1604,788,A,2025-06-20 02:15:00
1605,789,B,2025-06-16 00:00:00
1606,789,A,2025-06-16 00:15:00
1607,790,B,2025-07-22 08:00:00
1608,790,B,2025-07-22 08:15:00
1609,791,B,2025-06-13 05:00:00
1610,792,B,2025-06-11 10:00:00
1611,792,B,2025-06-11 10:15:00
1612,792,A,2025-06-11 10:30:00
1613,793,A,2025-06-03 21:00:00
1614,794,A,2025-06-04 09:00:00
1615,794,A,2025-06-04 09:15:00
1616,794,B,2025-06-04 09:30:00
1617,795,B,2025-06-16 13:00:00
1618,795,B,2025-06-16 13:15:00
1619,795,B,2025-06-16 13:30:00
1620,796,B,2025-07-01 09:00:00
1621,797,B,2025-07-11 13:00:00
1622,797,B,2025-07-11 13:15:00
1623,797,B,2025-07-11 13:30:00
1624,798,B,2025-07-25 23:00:00
1625,798,B,2025-07-25 23:15:00
1626,798,A,2025-07-25 23:30:00
1627,799,B,2025-07-21 11:00:00
1628,799,A,2025-07-21 11:15:00
1629,800,B,2025-06-06 11:00:00
1630,800,B,2025-06-06 11:15:00
1631,801,B,2025-07-01 12:00:00
1632,801,B,2025-07-01 12:15:00
1633,802,A,2025-06-27 08:00:00
1634,802,A,2025-06-27 08:15:00
1635,802,B,2025-06-27 08:30:00
1636,803,A,2025-07-27 10:00:00
1637,803,A,2025-07-27 10:15:00
1638,803,B,2025-07-27 10:30:00
1639,804,A,2025-07-12 11:00:00
1640,804,A,2025-07-12 11:15:00
1641,805,A,2025-07-08 16:00:00
1642,805,A,2025-07-08 16:15:00
1643,806,B,2025-06-14 06:00:00
1644,807,B,2025-07-16 04:00:00
1645,808,A,2025-07-15 23:00:00
1646,809,B,2025-06-25 02:00:00
1647,809,B,2025-06-25 02:15:00
1648,809,B,2025-06-25 02:30:00
1649,810,A,2025-07-03 14:00:00
1650,810,A,2025-07-03 14:15:00
1651,810,B,2025-07-03 14:30:00
1652,811,A,2025-06-26 00:00:00
1653,811,B,2025-06-26 00:15:00
1654,812,A,2025-06-16 02:00:00
1655,813,A,2025-06-10 10:00:00
1656,813,B,2025-06-10 10:15:00
1657,813,A,2025-06-10 10:30:00
1658,814,A,2025-07-12 00:00:00
1659,814,A,2025-07-12 00:15:00
1660,814,B,2025-07-12 00:30:00
1661,815,B,2025-07-15 22:00:00
1662,815,B,2025-07-15 22:15:00
1663,816,A,2025-06-01 12:00:00
1664,816,A,2025-06-01 12:15:00
1665,816,A,2025-06-01 12:30:00
1666,817,B,2025-07-28 18:00:00
1667,817,B,2025-07-28 18:15:00
1668,817,B,2025-07-28 18:30:00
1669,818,A,2025-07-20 14:00:00
1670,819,A,2025-07-27 01:00:00
1671,819,B,2025-07-27 01:15:00
1672,820,A,2025-07-21 02:00:00
1673,821,B,2025-07-27 04:00:00
1674,821,B,2025-07-27 04:15:00
1675,821,A,2025-07-27 04:30:00
1676,822,B,2025-06-07 16:00:00
1677,822,B,2025-06-07 16:15:00
1678,822,B,2025-06-07 16:30:00
1679,823,A,2025-07-21 06:00:00
1680,823,B,2025-07-21 06:15:00
1681,823,B,2025-07-21 06:30:00
1682,824,A,2025-06-29 05:00:00
1683,824,B,2025-06-29 05:15:00
1684,824,A,2025-06-29 05:30:00
1685,825,B,2025-06-15 04:00:00
1686,825,A,2025-06-15 04:15:00
1687,826,A,2025-06-13 20:00:00
1688,826,B,2025-06-13 20:15:00
1689,826,B,2025-06-13 20:30:00
1690,827,A,2025-07-23 09:00:00
1691,827,B,2025-07-23 09:15:00
1692,828,A,2025-07-15 18:00:00
1693,829,B,2025-07-05 19:00:00
1694,829,A,2025-07-05 19:15:00
1695,830,B,2025-06-30 11:00:00
1696,830,B,2025-06-30 11:15:00
1697,830,B,2025-06-30 11:30:00
1698,831,B,2025-06-05 12:00:00
1699,832,A,2025-07-07 23:00:00
1700,833,A,2025-06-17 23:00:00
1701,833,A,2025-06-17 23:15:00
1702,834,B,2025-07-29 15:00:00
1703,834,A,2025-07-29 15:15:00
1704,834,A,2025-07-29 15:30:00
1705,835,B,2025-07-25 15:00:00
1706,836,A,2025-06-08 06:00:00
1707,837,B,2025-07-01 19:00:00
1708,838,A,2025-06-09 00:00:00
1709,838,B,2025-06-09 00:15:00
1710,838,B,2025-06-09 00:30:00
1711,839,B,2025-07-22 20:00:00
1712,839,B,2025-07-22 20:15:00
1713,839,B,2025-07-22 20:30:00
1714,840,B,2025-07-02 00:00:00
1715,841,A,2025-07-13 14:00:00
1716,841,A,2025-07-13 14:15:00
1717,842,B,2025-07-05 03:00:00
1718,842,A,2025-07-05 03:15:00
1719,842,B,2025-07-05 03:30:00
1720,843,A,2025-07-07 19:00:00
1721,843,B,2025-07-07 19:15:00
1722,844,B,2025-07-10 20:00:00
1723,845,A,2025-06-22 20:00:00
1724,845,A,2025-06-22 20:15:00
1725,846,B,2025-07-31 13:00:00
1726,846,A,2025-07-31 13:15:00
1727,846,B,2025-07-31 13:30:00
1728,847,B,2025-07-20 15:00:00
1729,847,A,2025-07-20 15:15:00
1730,848,A,2025-07-28 16:00:00
1731,848,B,2025-07-28 16:15:00
1732,848,B,2025-07-28 16:30:00
1733,849,B,2025-06-29 21:00:00
1734,849,A,2025-06-29 21:15:00
1735,849,B,2025-06-29 21:30:00
1736,850,B,2025-07-10 13:00:00
1737,850,B,2025-07-10 13:15:00
1738,851,B,2025-07-24 01:00:00
1739,851,B,2025-07-24 01:15:00
1740,852,A,2025-07-18 12:00:00
1741,853,A,2025-07-29 19:00:00
1742,853,A,2025-07-29 19:15:00
1743,853,B,2025-07-29 19:30:00
1744,854,B,2025-07-04 11:00:00
1745,855,A,2025-06-28 12:00:00
1746,855,A,2025-06-28 12:15:00
1747,856,A,2025-07-24 00:00:00
1748,856,B,2025-07-24 00:15:00
1749,857,B,2025-07-29 08:00:00
1750,857,B,2025-07-29 08:15:00
1751,858,A,2025-07-06 16:00:00
1752,858,B,2025-07-06 16:15:00
1753,859,A,2025-06-30 20:00:00
1754,860,B,2025-07-28 13:00:00
1755,861,A,2025-06-12 16:00:00
1756,861,B,2025-06-12 16:15:00
1757,862,B,2025-07-18 21:00:00
1758,862,B,2025-07-18 21:15:00
1759,862,B,2025-07-18 21:30:00
1760,863,B,2025-07-27 11:00:00
1761,863,B,2025-07-27 11:15:00
1762,863,A,2025-07-27 11:30:00
1763,864,B,2025-07-01 07:00:00
1764,864,A,2025-07-01 07:15:00
1765,865,A,2025-06-30 12:00:00
1766,865,B,2025-06-30 12:15:00
1767,865,B,2025-06-30 12:30:00
1768,866,B,2025-06-18 19:00:00
1769,866,B,2025-06-18 19:15:00
1770,867,B,2025-07-20 00:00:00
1771,868,A,2025-06-17 16:00:00
1772,868,A,2025-06-17 16:15:00
1773,869,B,2025-07-24 21:00:00
1774,869,B,2025-07-24 21:15:00
1775,869,A,2025-07-24 21:30:00
1776,870,B,2025-07-11 10:00:00
1777,871,B,2025-06-18 20:00:00
1778,872,B,2025-07-20 18:00:00
1779,872,B,2025-07-20 18:15:00
1780,872,B,2025-07-20 18:30:00
1781,873,B,2025-07-20 23:00:00
1782,873,B,2025-07-20 23:15:00
1783,874,A,2025-07-04 11:00:00
1784,875,A,2025-07-03 22:00:00
1785,876,A,2025-07-11 16:00:00
1786,876,A,2025-07-11 16:15:00
1787,876,A,2025-07-11 16:30:00
1788,877,A,2025-06-16 06:00:00
1789,877,A,2025-06-16 06:15:00
1790,878,A,2025-06-19 11:00:00
1791,878,A,2025-06-19 11:15:00
1792,879,A,2025-06-30 09:00:00
1793,879,A,2025-06-30 09:15:00
1794,880,A,2025-06-06 15:00:00
1795,880,A,2025-06-06 15:15:00
1796,881,B,2025-07-17 00:00:00
1797,881,A,2025-07-17 00:15:00
1798,881,A,2025-07-17 00:30:00
1799,882,B,2025-06-19 18:00:00
1800,882,A,2025-06-19 18:15:00
1801,882,A,2025-06-19 18:30:00
1802,883,A,2025-06-16 10:00:00
1803,883,A,2025-06-16 10:15:00
1804,883,B,2025-06-16 10:30:00
1805,884,B,2025-06-19 06:00:00
1806,884,B,2025-06-19 06:15:00
1807,885,A,2025-06-23 04:00:00
1808,885,A,2025-06-23 04:15:00
1809,885,B,2025-06-23 04:30:00
1810,886,B,2025-06-22 23:00:00
1811,886,B,2025-06-22 23:15:00
1812,886,B,2025-06-22 23:30:00
1813,887,A,2025-07-29 10:00:00
1814,887,A,2025-07-29 10:15:00
1815,888,B,2025-07-05 19:00:00
1816,888,B,2025-07-05 19:15:00
1817,889,B,2025-06-06 09:00:00
1818,889,A,2025-06-06 09:15:00
1819,890,A,2025-06-10 09:00:00
1820,891,B,2025-06-10 18:00:00
1821,891,A,2025-06-10 18:15:00
1822,892,B,2025-06-16 07:00:00
1823,892,B,2025-06-16 07:15:00
1824,892,A,2025-06-16 07:30:00
1825,893,A,2025-06-25 18:00:00
1826,893,A,2025-06-25 18:15:00
1827,894,A,2025-07-15 23:00:00
1828,894,B,2025-07-15 23:15:00
1829,894,B,2025-07-15 23:30:00
1830,895,A,2025-06-10 15:00:00
1831,895,B,2025-06-10 15:15:00
1832,896,B,2025-07-16 14:00:00
1833,896,A,2025-07-16 14:15:00
1834,897,A,2025-06-15 16:00:00
1835,897,B,2025-06-15 16:15:00
1836,898,B,2025-06-06 17:00:00
1837,898,B,2025-06-06 17:15:00
1838,899,A,2025-06-27 04:00:00
1839,900,A,2025-06-27 18:00:00
1840,901,B,2025-06-23 05:00:00
1841,901,B,2025-06-23 05:15:00
1842,901,B,2025-06-23 05:30:00
1843,902,A,2025-07-05 20:00:00
1844,903,A,2025-06-30 03:00:00
1845,904,B,2025-06-27 06:00:00
1846,905,B,2025-06-04 08:00:00
1847,905,A,2025-06-04 08:15:00
1848,906,A,2025-06-14 05:00:00
1849,907,A,2025-07-25 07:00:00
1850,908,B,2025-06-28 02:00:00
1851,908,B,2025-06-28 02:15:00
1852,909,A,2025-06-26 05:00:00
1853,909,B,2025-06-26 05:15:00
1854,910,A,2025-07-30 00:00:00
1855,911,B,2025-07-20 17:00:00
1856,912,B,2025-07-09 10:00:00
1857,913,B,2025-07-31 12:00:00
1858,914,A,2025-07-15 00:00:00
1859,914,A,2025-07-15 00:15:00
1860,915,A,2025-06-03 04:00:00
1861,915,A,2025-06-03 04:15:00
1862,916,A,2025-07-26 05:00:00
1863,917,A,2025-07-28 18:00:00
1864,917,B,2025-07-28 18:15:00
1865,917,B,2025-07-28 18:30:00
1866,918,B,2025-07-19 19:00:00
1867,918,A,2025-07-19 19:15:00
1868,918,A,2025-07-19 19:30:00
1869,919,A,2025-07-08 11:00:00
1870,919,B,2025-07-08 11:15:00
1871,919,B,2025-07-08 11:30:00
1872,920,A,2025-06-25 19:00:00
1873,920,B,2025-06-25 19:15:00
1874,920,A,2025-06-25 19:30:00
1875,921,A,2025-07-01 13:00:00
1876,921,A,2025-07-01 13:15:00
1877,921,B,2025-07-01 13:30:00
1878,922,A,2025-06-01 00:00:00
1879,922,B,2025-06-01 00:15:00
1880,923,B,2025-07-31 07:00:00
1881,923,A,2025-07-31 07:15:00
1882,923,A,2025-07-31 07:30:00
1883,924,B,2025-06-24 13:00:00
1884,925,A,2025-06-21 14:00:00
1885,925,B,2025-06-21 14:15:00
1886,925,A,2025-06-21 14:30:00
1887,926,B,2025-07-19 10:00:00
1888,927,B,2025-06-26 19:00:00
1889,928,A,2025-07-25 03:00:00
1890,928,B,2025-07-25 03:15:00
1891,928,A,2025-07-25 03:30:00
1892,929,A,2025-07-29 10:00:00
1893,929,A,2025-07-29 10:15:00
1894,929,B,2025-07-29 10:30:00
1895,930,B,2025-07-24 20:00:00
1896,931,A,2025-06-28 22:00:00
1897,931,A,2025-06-28 22:15:00
1898,932,B,2025-07-06 00:00:00
1899,932,A,2025-07-06 00:15:00
1900,932,B,2025-07-06 00:30:00
1901,933,B,2025-07-19 07:00:00
1902,934,B,2025-07-18 18:00:00
1903,934,A,2025-07-18 18:15:00
1904,934,A,2025-07-18 18:30:00
1905,935,B,2025-07-05 22:00:00
1906,935,B,2025-07-05 22:15:00
1907,935,B,2025-07-05 22:30:00
1908,936,A,2025-07-23 11:00:00
1909,936,A,2025-07-23 11:15:00
1910,936,A,2025-07-23 11:30:00
1911,937,B,2025-07-09 18:00:00
1912,937,B,2025-07-09 18:15:00
1913,938,B,2025-07-28 00:00:00
1914,938,A,2025-07-28 00:15:00
1915,939,B,2025-06-16 15:00:00
1916,940,B,2025-07-02 15:00:00
1917,940,A,2025-07-02 15:15:00
1918,940,B,2025-07-02 15:30:00
1919,941,B,2025-06-16 09:00:00
1920,942,B,2025-06-18 09:00:00
1921,942,B,2025-06-18 09:15:00
1922,942,B,2025-06-18 09:30:00
1923,943,A,2025-06-28 20:00:00
1924,943,A,2025-06-28 20:15:00
1925,943,A,2025-06-28 20:30:00
1926,944,A,2025-07-02 08:00:00
1927,945,A,2025-06-02 12:00:00
1928,946,A,2025-06-25 12:00:00
1929,946,A,2025-06-25 12:15:00
1930,947,B,2025-06-23 17:00:00
1931,947,B,2025-06-23 17:15:00
1932,947,B,2025-06-23 17:30:00
1933,948,A,2025-07-13 23:00:00
1934,949,A,2025-07-15 21:00:00
1935,949,A,2025-07-15 21:15:00
1936,949,A,2025-07-15 21:30:00
1937,950,A,2025-07-23 07:00:00
1938,950,B,2025-07-23 07:15:00
1939,950,A,2025-07-23 07:30:00
1940,951,B,2025-06-27 11:00:00
1941,951,B,2025-06-27 11:15:00
1942,952,B,2025-07-17 03:00:00
1943,952,A,2025-07-17 03:15:00
1944,952,A,2025-07-17 03:30:00
1945,953,A,2025-06-11 04:00:00
1946,953,A,2025-06-11 04:15:00
1947,954,A,2025-07-25 22:00:00
1948,955,A,2025-07-01 00:00:00
1949,955,A,2025-07-01 00:15:00
1950,955,A,2025-07-01 00:30:00
1951,956,A,2025-07-30 16:00:00
1952,956,B,2025-07-30 16:15:00
1953,956,A,2025-07-30 16:30:00
1954,957,B,2025-06-10 12:00:00
1955,957,B,2025-06-10 12:15:00
1956,957,B,2025-06-10 12:30:00
1957,958,A,2025-07-10 10:00:00
1958,959,B,2025-07-06 01:00:00
1959,959,A,2025-07-06 01:15:00
1960,959,B,2025-07-06 01:30:00
1961,960,B,2025-06-02 20:00:00
1962,960,B,2025-06-02 20:15:00
1963,961,B,2025-07-31 00:00:00
1964,961,B,2025-07-31 00:15:00
1965,962,A,2025-06-26 15:00:00
1966,962,B,2025-06-26 15:15:00
1967,962,B,2025-06-26 15:30:00
1968,963,B,2025-07-09 04:00:00
1969,963,B,2025-07-09 04:15:00
1970,964,A,2025-07-08 22:00:00
1971,965,A,2025-07-14 14:00:00
1972,965,A,2025-07-14 14:15:00
1973,966,B,2025-06-02 00:00:00
1974,966,A,2025-06-02 00:15:00
1975,967,A,2025-06-06 20:00:00
1976,968,A,2025-07-12 17:00:00
1977,968,A,2025-07-12 17:15:00
1978,968,A,2025-07-12 17:30:00
1979,969,A,2025-06-28 22:00:00
1980,969,A,2025-06-28 22:15:00
1981,970,A,2025-06-09 23:00:00
1982,970,A,2025-06-09 23:15:00
1983,971,A,2025-07-26 19:00:00
1984,971,B,2025-07-26 19:15:00
1985,972,A,2025-06-30 13:00:00
1986,972,B,2025-06-30 13:15:00
1987,972,B,2025-06-30 13:30:00
1988,973,A,2025-06-13 07:00:00
1989,974,B,2025-06-05 17:00:00
1990,974,A,2025-06-05 17:15:00
1991,974,B,2025-06-05 17:30:00
1992,975,B,2025-06-17 03:00:00
1993,976,B,2025-06-26 03:00:00
1994,976,A,2025-06-26 03:15:00
1995,977,A,2025-06-22 23:00:00
1996,978,B,2025-06-15 16:00:00
1997,978,A,2025-06-15 16:15:00
1998,978,B,2025-06-15 16:30:00
1999,979,B,2025-06-30 02:00:00
2000,979,A,2025-06-30 02:15:00
2001,979,B,2025-06-30 02:30:00
2002,980,A,2025-06-22 20:00:00
2003,980,A,2025-06-22 20:15:00
2004,980,A,2025-06-22 20:30:00
2005,981,B,2025-06-23 22:00:00
2006,981,B,2025-06-23 22:15:00
2007,981,A,2025-06-23 22:30:00
2008,982,B,2025-07-20 03:00:00
2009,983,A,2025-07-27 09:00:00
2010,983,B,2025-07-27 09:15:00
2011,984,A,2025-06-26 06:00:00
2012,985,B,2025-06-19 01:00:00
2013,985,A,2025-06-19 01:15:00
2014,985,B,2025-06-19 01:30:00
2015,986,A,2025-07-20 03:00:00
2016,986,A,2025-07-20 03:15:00
2017,986,B,2025-07-20 03:30:00
2018,987,B,2025-07-31 12:00:00
2019,987,B,2025-07-31 12:15:00
2020,987,A,2025-07-31 12:30:00
2021,988,A,2025-07-25 15:00:00
2022,988,A,2025-07-25 15:15:00
2023,988,A,2025-07-25 15:30:00
2024,989,B,2025-06-28 03:00:00
2025,989,A,2025-06-28 03:15:00
2026,990,B,2025-06-18 18:00:00
2027,991,B,2025-07-24 23:00:00
2028,991,A,2025-07-24 23:15:00
2029,992,A,2025-06-06 22:00:00
2030,992,B,2025-06-06 22:15:00
2031,993,B,2025-07-01 22:00:00
2032,994,B,2025-06-02 09:00:00
2033,994,A,2025-06-02 09:15:00
2034,994,A,2025-06-02 09:30:00
2035,995,B,2025-07-19 19:00:00
2036,996,A,2025-07-07 00:00:00
2037,997,A,2025-06-05 23:00:00
2038,998,A,2025-08-01 15:00:00
2039,999,B,2025-06-23 00:00:00
2040,999,A,2025-06-23 00:15:00
2041,1000,B,2025-06-16 04:00:00
2042,1000,A,2025-06-16 04:15:00
