user_id,signup_date,country
1,2025-07-11,US
2,2025-06-08,US
3,2025-06-02,US
4,2025-07-18,UK
5,2025-06-18,UK
6,2025-06-16,US
7,2025-06-15,IN
8,2025-06-09,UK
9,2025-07-18,UK
10,2025-06-07,UK
11,2025-07-14,AU
12,2025-07-18,US
13,2025-07-28,IN
14,2025-07-05,UK
15,2025-06-06,AU
16,2025-07-08,CA
17,2025-06-28,CA
18,2025-06-03,UK
19,2025-06-02,IN
20,2025-06-06,IN
21,2025-06-14,US
22,2025-06-15,UK
23,2025-07-03,CA
24,2025-07-09,US
25,2025-06-02,IN
26,2025-07-06,US
27,2025-06-13,CA
28,2025-07-16,IN
29,2025-07-12,AU
30,2025-07-15,AU
31,2025-07-05,UK
32,2025-06-27,US
33,2025-06-15,IN
34,2025-06-29,UK
35,2025-07-08,US
36,2025-06-18,CA
37,2025-07-22,IN
38,2025-07-26,US
39,2025-06-01,IN
40,2025-07-19,US
41,2025-07-22,CA
42,2025-06-11,IN
43,2025-07-15,AU
44,2025-06-28,CA
45,2025-06-22,US
46,2025-06-18,IN
47,2025-06-10,CA
48,2025-06-14,US
49,2025-07-19,AU
50,2025-06-22,AU
51,2025-06-07,US
52,2025-06-06,AU
53,2025-06-25,CA
54,2025-06-07,AU
55,2025-06-23,UK
56,2025-07-25,AU
57,2025-06-23,UK
58,2025-07-09,IN
59,2025-06-17,CA
60,2025-07-22,IN
61,2025-06-03,IN
62,2025-07-17,AU
63,2025-06-30,AU
64,2025-07-05,AU
65,2025-06-08,IN
66,2025-07-30,CA
67,2025-06-25,CA
68,2025-06-06,UK
69,2025-07-06,US
70,2025-06-19,CA
71,2025-07-24,AU
72,2025-07-11,UK
73,2025-07-10,AU
74,2025-07-27,IN
75,2025-07-26,IN
76,2025-06-24,AU
77,2025-07-07,CA
78,2025-06-13,US
79,2025-07-16,AU
80,2025-06-05,CA
81,2025-06-03,UK
82,2025-07-13,AU
83,2025-06-15,UK
84,2025-07-20,CA
85,2025-06-19,CA
86,2025-06-06,CA
87,2025-07-25,CA
88,2025-06-15,IN
89,2025-07-26,CA
90,2025-06-07,IN
91,2025-06-25,US
92,2025-06-18,IN
93,2025-06-30,UK
94,2025-07-11,US
95,2025-07-24,UK
96,2025-06-24,AU
97,2025-06-11,AU
98,2025-06-24,IN
99,2025-06-23,UK
100,2025-06-14,AU
101,2025-07-13,AU
102,2025-06-18,AU
103,2025-07-15,US
104,2025-07-30,US
105,2025-07-14,CA
106,2025-07-12,UK
107,2025-06-05,AU
108,2025-07-09,UK
109,2025-07-11,CA
110,2025-06-11,IN
111,2025-07-05,CA
112,2025-07-17,AU
113,2025-06-16,IN
114,2025-06-11,IN
115,2025-06-30,CA
116,2025-06-25,AU
117,2025-06-18,IN
118,2025-07-30,CA
119,2025-07-11,CA
120,2025-07-15,AU
121,2025-07-06,CA
122,2025-06-15,CA
123,2025-07-14,CA
124,2025-06-21,UK
125,2025-07-24,US
126,2025-07-20,UK
127,2025-07-20,CA
128,2025-06-04,US
129,2025-06-15,IN
130,2025-07-23,UK
131,2025-06-03,UK
132,2025-07-22,UK
133,2025-06-21,AU
134,2025-06-26,CA
135,2025-06-18,IN
136,2025-06-05,IN
137,2025-06-14,IN
138,2025-07-29,CA
139,2025-07-31,US
140,2025-07-07,UK
141,2025-07-27,CA
142,2025-07-16,UK
143,2025-06-21,CA
144,2025-06-14,UK
145,2025-07-12,CA
146,2025-07-02,US
147,2025-06-26,IN
148,2025-07-27,UK
149,2025-07-29,CA
150,2025-07-12,US
151,2025-06-30,US
152,2025-06-10,IN
153,2025-06-17,CA
154,2025-06-09,UK
155,2025-06-16,AU
156,2025-07-18,US
157,2025-07-06,US
158,2025-07-05,IN
159,2025-06-17,CA
160,2025-07-18,AU
161,2025-07-08,AU
162,2025-06-28,AU
163,2025-07-28,CA
164,2025-07-08,UK
165,2025-06-26,US
166,2025-06-24,CA
167,2025-06-15,AU
168,2025-06-09,US
169,2025-07-03,US
170,2025-07-02,AU
171,2025-06-06,AU
172,2025-07-19,US
173,2025-06-04,IN
174,2025-07-26,US
175,2025-06-08,UK
176,2025-06-10,UK
177,2025-07-11,IN
178,2025-06-11,CA
179,2025-07-21,US
180,2025-07-14,UK
181,2025-06-28,US
182,2025-07-09,IN
183,2025-06-05,AU
184,2025-06-25,IN
185,2025-06-25,IN
186,2025-07-09,IN
187,2025-06-30,UK
188,2025-07-04,IN
189,2025-06-17,AU
190,2025-07-06,AU
191,2025-07-26,AU
192,2025-07-31,CA
193,2025-06-01,IN
194,2025-07-14,AU
195,2025-07-17,CA
196,2025-06-08,IN
197,2025-07-14,IN
198,2025-07-27,US
199,2025-07-05,IN
200,2025-07-19,US
201,2025-06-18,UK
202,2025-07-20,UK
203,2025-07-12,CA
204,2025-06-22,US
205,2025-06-08,UK
206,2025-06-19,UK
207,2025-06-28,UK
208,2025-06-11,IN
209,2025-06-30,US
210,2025-06-01,UK
211,2025-07-17,US
212,2025-07-27,AU
213,2025-07-17,AU
214,2025-06-17,IN
215,2025-07-03,AU
216,2025-07-19,CA
217,2025-06-12,US
218,2025-07-03,UK
219,2025-07-29,CA
220,2025-06-07,CA
221,2025-07-26,AU
222,2025-07-11,US
223,2025-06-20,UK
224,2025-07-24,CA
225,2025-07-11,IN
226,2025-07-03,UK
227,2025-07-09,AU
228,2025-06-13,US
229,2025-06-10,IN
230,2025-06-24,UK
231,2025-07-19,UK
232,2025-06-11,CA
233,2025-07-05,UK
234,2025-07-20,US
235,2025-07-30,US
236,2025-07-04,UK
237,2025-07-29,CA
238,2025-06-01,IN
239,2025-07-09,IN
240,2025-06-21,CA
241,2025-07-02,AU
242,2025-06-02,US
243,2025-06-08,AU
244,2025-07-30,CA
245,2025-06-24,AU
246,2025-07-27,CA
247,2025-07-24,IN
248,2025-07-22,IN
249,2025-06-20,AU
250,2025-06-16,AU
251,2025-06-04,US
252,2025-06-16,IN
253,2025-07-27,US
254,2025-07-07,AU
255,2025-07-31,CA
256,2025-06-06,IN
257,2025-06-06,CA
258,2025-07-17,US
259,2025-07-02,US
260,2025-07-23,UK
261,2025-06-05,IN
262,2025-07-19,IN
263,2025-07-05,US
264,2025-07-20,CA
265,2025-06-09,IN
266,2025-06-09,US
267,2025-07-13,UK
268,2025-07-01,AU
269,2025-07-31,IN
270,2025-07-06,AU
271,2025-06-11,CA
272,2025-06-17,UK
273,2025-07-04,IN
274,2025-07-26,AU
275,2025-07-09,AU
276,2025-06-28,US
277,2025-06-14,AU
278,2025-07-30,CA
279,2025-07-05,AU
280,2025-07-19,CA
281,2025-07-17,CA
282,2025-07-15,US
283,2025-06-13,UK
284,2025-07-16,CA
285,2025-06-20,AU
286,2025-06-26,AU
287,2025-07-13,CA
288,2025-07-12,AU
289,2025-06-24,IN
290,2025-06-29,US
291,2025-07-28,AU
292,2025-07-04,US
293,2025-06-29,CA
294,2025-06-08,CA
295,2025-06-16,CA
296,2025-06-15,US
297,2025-06-05,AU
298,2025-06-22,IN
299,2025-06-02,US
300,2025-07-08,IN
301,2025-07-06,AU
302,2025-06-15,AU
303,2025-07-08,US
304,2025-06-15,UK
305,2025-06-01,IN
306,2025-06-05,CA
307,2025-07-16,IN
308,2025-07-11,AU
309,2025-06-04,AU
310,2025-06-15,US
311,2025-06-05,UK
312,2025-07-28,CA
313,2025-06-03,IN
314,2025-07-26,UK
315,2025-06-22,CA
316,2025-06-05,AU
317,2025-07-03,AU
318,2025-06-16,US
319,2025-06-18,US
320,2025-07-13,IN
321,2025-07-02,UK
322,2025-06-14,UK
323,2025-07-05,CA
324,2025-06-09,IN
325,2025-07-17,US
326,2025-07-30,IN
327,2025-07-27,AU
328,2025-07-07,US
329,2025-07-07,UK
330,2025-07-01,US
331,2025-06-16,AU
332,2025-07-21,US
333,2025-07-01,UK
334,2025-07-22,AU
335,2025-06-27,CA
336,2025-06-13,IN
337,2025-06-07,CA
338,2025-06-07,AU
339,2025-07-13,AU
340,2025-06-28,AU
341,2025-06-23,UK
342,2025-06-28,AU
343,2025-06-27,IN
344,2025-06-30,UK
345,2025-07-26,AU
346,2025-07-17,UK
347,2025-06-04,IN
348,2025-07-14,IN
349,2025-07-12,UK
350,2025-07-12,US
351,2025-06-07,CA
352,2025-06-04,AU
353,2025-06-26,CA
354,2025-07-17,IN
355,2025-06-22,CA
356,2025-07-22,US
357,2025-07-26,CA
358,2025-06-07,CA
359,2025-06-16,IN
360,2025-06-13,IN
361,2025-06-13,AU
362,2025-07-05,UK
363,2025-06-29,AU
364,2025-06-09,IN
365,2025-06-28,AU
366,2025-06-12,CA
367,2025-06-18,CA
368,2025-06-30,IN
369,2025-06-16,IN
370,2025-07-26,AU
371,2025-07-30,AU
372,2025-06-05,CA
373,2025-06-29,UK
374,2025-07-22,UK
375,2025-07-26,IN
376,2025-07-25,AU
377,2025-07-06,UK
378,2025-06-07,AU
379,2025-06-04,US
380,2025-07-12,CA
381,2025-07-05,AU
382,2025-07-24,AU
383,2025-06-01,AU
384,2025-06-06,UK
385,2025-07-30,AU
386,2025-07-19,US
387,2025-07-25,UK
388,2025-06-16,IN
389,2025-06-11,IN
390,2025-06-27,CA
391,2025-07-02,US
392,2025-07-01,AU
393,2025-06-14,US
394,2025-07-26,IN
395,2025-06-26,AU
396,2025-07-28,US
397,2025-06-04,UK
398,2025-06-11,AU
399,2025-06-25,UK
400,2025-06-01,US
401,2025-06-25,AU
402,2025-06-17,CA
403,2025-07-30,CA
404,2025-07-21,IN
405,2025-07-21,AU
406,2025-06-30,US
407,2025-06-19,CA
408,2025-06-28,IN
409,2025-07-15,AU
410,2025-07-17,CA
411,2025-07-21,AU
412,2025-07-06,IN
413,2025-07-13,US
414,2025-07-16,IN
415,2025-07-02,US
416,2025-06-10,UK
417,2025-06-13,CA
418,2025-06-19,UK
419,2025-06-14,US
420,2025-06-04,AU
421,2025-07-08,US
422,2025-07-18,US
423,2025-07-05,AU
424,2025-06-04,UK
425,2025-07-18,CA
426,2025-06-21,US
427,2025-06-04,US
428,2025-06-04,CA
429,2025-07-08,US
430,2025-07-01,CA
431,2025-07-03,CA
432,2025-07-29,CA
433,2025-07-25,AU
434,2025-07-04,UK
435,2025-06-11,UK
436,2025-06-04,IN
437,2025-07-03,AU
438,2025-06-06,IN
439,2025-07-25,UK
440,2025-06-12,UK
441,2025-06-05,UK
442,2025-07-09,US
443,2025-06-05,IN
444,2025-07-14,AU
445,2025-07-26,IN
446,2025-06-16,UK
447,2025-06-26,AU
448,2025-06-08,IN
449,2025-07-31,UK
450,2025-07-27,UK
451,2025-07-07,AU
452,2025-06-16,CA
453,2025-07-08,AU
454,2025-07-09,CA
455,2025-06-03,US
456,2025-07-10,AU
457,2025-06-06,CA
458,2025-06-27,IN
459,2025-07-13,UK
460,2025-07-08,US
461,2025-07-07,AU
462,2025-07-04,CA
463,2025-06-21,IN
464,2025-07-30,CA
465,2025-06-17,AU
466,2025-06-14,CA
467,2025-07-13,AU
468,2025-07-16,CA
469,2025-06-21,UK
470,2025-06-16,AU
471,2025-06-17,AU
472,2025-06-26,US
473,2025-06-09,UK
474,2025-07-13,AU
475,2025-07-12,IN
476,2025-06-20,CA
477,2025-06-30,IN
478,2025-06-21,CA
479,2025-07-30,CA
480,2025-07-19,US
481,2025-07-30,AU
482,2025-06-05,CA
483,2025-06-01,US
484,2025-06-30,IN
485,2025-07-10,US
486,2025-07-07,IN
487,2025-06-07,AU
488,2025-06-05,CA
489,2025-07-05,UK
490,2025-06-14,IN
491,2025-07-03,CA
492,2025-06-17,UK
493,2025-06-09,UK
494,2025-07-30,IN
495,2025-06-23,CA
496,2025-07-27,UK
497,2025-06-05,US
498,2025-07-27,US
499,2025-06-16,CA
500,2025-06-24,AU
501,2025-06-19,US
502,2025-06-11,IN
503,2025-06-29,CA
504,2025-07-24,UK
505,2025-07-05,US
506,2025-07-16,CA
507,2025-06-20,CA
508,2025-07-10,AU
509,2025-07-22,UK
510,2025-07-12,UK
511,2025-07-04,UK
512,2025-06-01,IN
513,2025-07-13,CA
514,2025-07-23,IN
515,2025-07-06,IN
516,2025-06-20,CA
517,2025-07-30,UK
518,2025-07-13,CA
519,2025-06-07,AU
520,2025-07-31,CA
521,2025-07-27,CA
522,2025-06-09,US
523,2025-06-17,AU
524,2025-06-08,US
525,2025-07-27,UK
526,2025-06-07,UK
527,2025-07-18,AU
528,2025-07-06,IN
529,2025-06-10,CA
530,2025-06-18,US
531,2025-06-19,AU
532,2025-07-09,US
533,2025-06-14,CA
534,2025-07-16,IN
535,2025-06-22,US
536,2025-06-14,AU
537,2025-07-14,CA
538,2025-07-11,CA
539,2025-07-25,IN
540,2025-06-17,AU
541,2025-07-03,CA
542,2025-07-02,US
543,2025-06-17,UK
544,2025-07-28,AU
545,2025-07-29,US
546,2025-07-25,IN
547,2025-06-04,IN
548,2025-06-06,CA
549,2025-07-11,IN
550,2025-06-28,UK
551,2025-07-24,US
552,2025-06-18,AU
553,2025-06-03,CA
554,2025-06-01,AU
555,2025-06-22,US
556,2025-07-20,UK
557,2025-06-09,US
558,2025-07-11,US
559,2025-06-17,CA
560,2025-06-11,AU
561,2025-07-18,US
562,2025-06-29,US
563,2025-07-06,UK
564,2025-07-16,IN
565,2025-06-28,UK
566,2025-07-06,AU
567,2025-06-01,AU
568,2025-06-08,CA
569,2025-06-05,IN
570,2025-07-31,AU
571,2025-07-27,IN
572,2025-07-15,UK
573,2025-07-28,AU
574,2025-06-10,US
575,2025-07-05,AU
576,2025-06-03,IN
577,2025-07-24,AU
578,2025-06-24,CA
579,2025-07-08,US
580,2025-07-06,CA
581,2025-06-10,UK
582,2025-06-28,AU
583,2025-06-09,AU
584,2025-06-03,UK
585,2025-06-20,CA
586,2025-06-24,US
587,2025-07-28,CA
588,2025-07-30,IN
589,2025-07-21,CA
590,2025-07-26,US
591,2025-06-03,AU
592,2025-07-28,CA
593,2025-06-23,UK
594,2025-06-14,US
595,2025-07-14,AU
596,2025-06-16,US
597,2025-07-13,UK
598,2025-06-07,IN
599,2025-06-23,US
600,2025-07-20,US
601,2025-07-06,CA
602,2025-07-27,UK
603,2025-07-26,UK
604,2025-06-27,IN
605,2025-07-10,UK
606,2025-07-18,US
607,2025-06-10,IN
608,2025-07-30,UK
609,2025-07-30,IN
610,2025-06-16,UK
611,2025-07-26,UK
612,2025-06-11,CA
613,2025-07-22,UK
614,2025-07-22,IN
615,2025-06-12,US
616,2025-07-27,CA
617,2025-06-27,UK
618,2025-06-02,UK
619,2025-06-12,IN
620,2025-07-18,CA
621,2025-07-30,UK
622,2025-06-22,US
623,2025-07-21,US
624,2025-07-30,UK
625,2025-06-27,US
626,2025-07-22,CA
627,2025-07-13,UK
628,2025-07-26,IN
629,2025-07-18,CA
630,2025-07-22,US
631,2025-06-16,UK
632,2025-06-18,CA
633,2025-06-11,US
634,2025-07-21,UK
635,2025-07-15,AU
636,2025-06-07,IN
637,2025-06-25,US
638,2025-07-26,US
639,2025-06-03,AU
640,2025-07-25,AU
641,2025-07-01,CA
642,2025-06-15,IN
643,2025-06-13,IN
644,2025-07-23,US
645,2025-07-29,AU
646,2025-06-30,IN
647,2025-06-23,UK
648,2025-06-20,IN
649,2025-07-23,US
650,2025-07-21,IN
651,2025-07-26,CA
652,2025-06-15,AU
653,2025-06-15,US
654,2025-06-02,US
655,2025-07-13,AU
656,2025-06-13,AU
657,2025-06-26,AU
658,2025-06-22,US
659,2025-06-18,AU
660,2025-07-26,AU
661,2025-06-05,US
662,2025-07-20,US
663,2025-06-18,CA
664,2025-06-23,IN
665,2025-07-12,UK
666,2025-07-03,US
667,2025-06-26,UK
668,2025-07-14,CA
669,2025-07-24,IN
670,2025-07-05,IN
671,2025-06-22,IN
672,2025-07-31,CA
673,2025-06-02,AU
674,2025-06-08,IN
675,2025-07-27,IN
676,2025-06-17,CA
677,2025-06-12,AU
678,2025-07-08,IN
679,2025-06-17,IN
680,2025-06-03,AU
681,2025-06-07,US
682,2025-07-09,US
683,2025-06-28,IN
684,2025-06-23,UK
685,2025-07-17,AU
686,2025-07-21,AU
687,2025-06-21,UK
688,2025-06-28,AU
689,2025-07-09,CA
690,2025-07-03,AU
691,2025-06-08,AU
692,2025-06-25,AU
693,2025-07-28,US
694,2025-07-07,CA
695,2025-06-13,AU
696,2025-06-17,CA
697,2025-06-03,CA
698,2025-07-16,CA
699,2025-06-28,UK
700,2025-06-01,AU
701,2025-07-04,US
702,2025-07-30,US
703,2025-07-22,US
704,2025-07-05,US
705,2025-07-14,AU
706,2025-07-17,US
707,2025-07-31,CA
708,2025-07-18,UK
709,2025-07-18,IN
710,2025-07-13,US
711,2025-06-13,IN
712,2025-06-24,IN
713,2025-06-28,IN
714,2025-06-05,CA
715,2025-07-31,US
716,2025-07-13,AU
717,2025-07-29,CA
718,2025-06-22,AU
719,2025-07-10,US
720,2025-06-21,CA
721,2025-07-13,IN
722,2025-07-25,CA
723,2025-06-08,CA
724,2025-07-17,US
725,2025-07-28,IN
726,2025-06-20,IN
727,2025-07-03,UK
728,2025-06-20,UK
729,2025-07-13,AU
730,2025-06-27,UK
731,2025-06-21,US
732,2025-06-26,CA
733,2025-07-15,IN
734,2025-06-19,CA
735,2025-07-06,US
736,2025-06-09,CA
737,2025-06-13,IN
738,2025-06-27,UK
739,2025-07-13,AU
740,2025-07-31,IN
741,2025-06-25,IN
742,2025-07-14,IN
743,2025-07-18,IN
744,2025-07-28,US
745,2025-06-12,IN
746,2025-07-10,CA
747,2025-07-07,US
748,2025-06-20,UK
749,2025-06-26,CA
750,2025-07-06,CA
751,2025-07-24,CA
752,2025-06-01,CA
753,2025-06-20,US
754,2025-06-19,UK
755,2025-06-14,UK
756,2025-06-28,IN
757,2025-07-21,AU
758,2025-07-08,US
759,2025-07-09,UK
760,2025-07-12,US
761,2025-06-21,US
762,2025-06-30,IN
763,2025-06-29,UK
764,2025-06-29,AU
765,2025-07-14,AU
766,2025-06-14,AU
767,2025-07-03,CA
768,2025-07-01,UK
769,2025-07-21,CA
770,2025-07-28,CA
771,2025-07-21,CA
772,2025-07-18,IN
773,2025-06-11,IN
774,2025-07-13,US
775,2025-06-06,US
776,2025-06-19,UK
777,2025-07-03,UK
778,2025-07-13,IN
779,2025-07-11,US
780,2025-07-10,US
781,2025-06-22,CA
782,2025-06-06,AU
783,2025-07-23,AU
784,2025-07-31,AU
785,2025-07-19,IN
786,2025-06-16,AU
787,2025-07-14,AU
788,2025-06-20,CA
789,2025-06-15,UK
790,2025-07-22,IN
791,2025-06-13,US
792,2025-06-10,CA
793,2025-06-02,AU
794,2025-06-03,US
795,2025-06-16,CA
796,2025-07-01,IN
797,2025-07-10,AU
798,2025-07-25,IN
799,2025-07-20,CA
800,2025-06-05,US
801,2025-06-30,UK
802,2025-06-27,AU
803,2025-07-27,IN
804,2025-07-11,US
805,2025-07-07,US
806,2025-06-13,UK
807,2025-07-16,CA
808,2025-07-15,UK
809,2025-06-25,UK
810,2025-07-02,CA
811,2025-06-26,CA
812,2025-06-16,CA
813,2025-06-10,US
814,2025-07-12,US
815,2025-07-15,AU
816,2025-06-01,AU
817,2025-07-28,UK
818,2025-07-19,UK
819,2025-07-26,AU
820,2025-07-20,IN
821,2025-07-27,UK
822,2025-06-07,IN
823,2025-07-20,IN
824,2025-06-28,CA
825,2025-06-15,US
826,2025-06-12,AU
827,2025-07-22,US
828,2025-07-15,AU
829,2025-07-04,US
830,2025-06-30,AU
831,2025-06-04,US
832,2025-07-06,CA
833,2025-06-16,IN
834,2025-07-29,AU
835,2025-07-25,IN
836,2025-06-08,AU
837,2025-06-30,AU
838,2025-06-09,CA
839,2025-07-22,US
840,2025-06-30,AU
841,2025-07-13,US
842,2025-07-04,CA
843,2025-07-06,UK
844,2025-07-09,IN
845,2025-06-21,AU
846,2025-07-31,CA
847,2025-07-19,US
848,2025-07-28,AU
849,2025-06-29,US
850,2025-07-10,UK
851,2025-07-23,AU
852,2025-07-17,IN
853,2025-07-28,AU
854,2025-07-03,IN
855,2025-06-28,US
856,2025-07-24,AU
857,2025-07-29,CA
858,2025-07-06,CA
859,2025-06-29,UK
860,2025-07-28,CA
861,2025-06-11,UK
862,2025-07-18,US
863,2025-07-26,IN
864,2025-07-01,US
865,2025-06-29,IN
866,2025-06-17,IN
867,2025-07-19,UK
868,2025-06-16,CA
869,2025-07-24,CA
870,2025-07-11,UK
871,2025-06-18,UK
872,2025-07-20,US
873,2025-07-20,UK
874,2025-07-04,CA
875,2025-07-02,UK
876,2025-07-11,UK
877,2025-06-16,IN
878,2025-06-18,UK
879,2025-06-29,US
880,2025-06-05,UK
881,2025-07-16,AU
882,2025-06-19,AU
883,2025-06-16,IN
884,2025-06-18,IN
885,2025-06-22,AU
886,2025-06-21,IN
887,2025-07-28,IN
888,2025-07-05,CA
889,2025-06-06,CA
890,2025-06-09,UK
891,2025-06-10,AU
892,2025-06-15,US
893,2025-06-25,AU
894,2025-07-15,AU
895,2025-06-10,CA
896,2025-07-16,CA
897,2025-06-14,IN
898,2025-06-05,US
899,2025-06-27,CA
900,2025-06-27,IN
901,2025-06-22,US
902,2025-07-05,CA
903,2025-06-30,AU
904,2025-06-27,AU
905,2025-06-04,US
906,2025-06-14,US
907,2025-07-24,CA
908,2025-06-27,CA
909,2025-06-25,US
910,2025-07-28,US
911,2025-07-20,IN
912,2025-07-08,IN
913,2025-07-31,IN
914,2025-07-15,AU
915,2025-06-02,AU
916,2025-07-25,IN
917,2025-07-27,IN
918,2025-07-19,US
919,2025-07-07,AU
920,2025-06-25,IN
921,2025-07-01,UK
922,2025-06-01,CA
923,2025-07-31,IN
924,2025-06-23,AU
925,2025-06-20,IN
926,2025-07-19,UK
927,2025-06-25,US
928,2025-07-25,AU
929,2025-07-28,US
930,2025-07-24,CA
931,2025-06-27,US
932,2025-07-05,IN
933,2025-07-18,UK
934,2025-07-18,US
935,2025-07-05,UK
936,2025-07-22,AU
937,2025-07-09,AU
938,2025-07-28,IN
939,2025-06-15,IN
940,2025-07-02,IN
941,2025-06-15,UK
942,2025-06-18,CA
943,2025-06-28,CA
944,2025-07-02,CA
945,2025-06-02,AU
946,2025-06-25,AU
947,2025-06-22,CA
948,2025-07-13,IN
949,2025-07-14,US
950,2025-07-22,CA
951,2025-06-26,US
952,2025-07-17,CA
953,2025-06-11,US
954,2025-07-24,IN
955,2025-06-30,AU
956,2025-07-29,CA
957,2025-06-09,CA
958,2025-07-10,IN
959,2025-07-05,UK
960,2025-06-02,CA
961,2025-07-29,US
962,2025-06-26,IN
963,2025-07-08,UK
964,2025-07-07,CA
965,2025-07-13,CA
966,2025-06-02,AU
967,2025-06-06,UK
968,2025-07-12,IN
969,2025-06-28,US
970,2025-06-09,CA
971,2025-07-26,IN
972,2025-06-30,AU
973,2025-06-12,CA
974,2025-06-04,UK
975,2025-06-17,IN
976,2025-06-25,US
977,2025-06-21,AU
978,2025-06-14,IN
979,2025-06-30,CA
980,2025-06-21,US
981,2025-06-22,CA
982,2025-07-19,CA
983,2025-07-27,UK
984,2025-06-25,UK
985,2025-06-18,CA
986,2025-07-19,AU
987,2025-07-31,UK
988,2025-07-24,UK
989,2025-06-27,UK
990,2025-06-17,UK
991,2025-07-24,US
992,2025-06-06,CA
993,2025-07-01,US
994,2025-06-02,IN
995,2025-07-18,IN
996,2025-07-05,IN
997,2025-06-04,US
998,2025-07-31,CA
999,2025-06-23,IN
1000,2025-06-15,UK
